System,Atom,z_slab,z_depth
CaH2_slab/3,Ca_001,0.048,0.452
CaH2_slab/3,Ca_002,0.048,0.452
CaH2_slab/3,Ca_003,0.048,0.452
CaH2_slab/3,Ca_004,0.048,0.452
CaH2_slab/3,Ca_005,0.217,0.283
CaH2_slab/3,Ca_006,0.217,0.283
CaH2_slab/3,Ca_007,0.217,0.283
CaH2_slab/3,Ca_008,0.217,0.283
CaH2_slab/3,Ca_009,0.048,0.452
CaH2_slab/3,Ca_010,0.048,0.452
CaH2_slab/3,Ca_011,0.048,0.452
CaH2_slab/3,Ca_012,0.048,0.452
CaH2_slab/3,Ca_013,0.217,0.283
CaH2_slab/3,Ca_014,0.217,0.283
CaH2_slab/3,Ca_015,0.217,0.283
CaH2_slab/3,Ca_016,0.217,0.283
CaH2_slab/3,Ca_017,0.407,0.093
CaH2_slab/3,Ca_018,0.407,0.093
CaH2_slab/3,Ca_019,0.407,0.093
CaH2_slab/3,Ca_020,0.407,0.093
CaH2_slab/3,Ca_021,0.593,0.093
CaH2_slab/3,Ca_022,0.593,0.093
CaH2_slab/3,Ca_023,0.593,0.093
CaH2_slab/3,Ca_024,0.593,0.093
CaH2_slab/3,Ca_025,0.407,0.093
CaH2_slab/3,Ca_026,0.407,0.093
CaH2_slab/3,Ca_027,0.407,0.093
CaH2_slab/3,Ca_028,0.407,0.093
CaH2_slab/3,Ca_029,0.593,0.093
CaH2_slab/3,Ca_030,0.593,0.093
CaH2_slab/3,Ca_031,0.593,0.093
CaH2_slab/3,Ca_032,0.593,0.093
CaH2_slab/3,Ca_033,0.783,0.283
CaH2_slab/3,Ca_034,0.783,0.283
CaH2_slab/3,Ca_035,0.783,0.283
CaH2_slab/3,Ca_036,0.783,0.283
CaH2_slab/3,Ca_037,0.952,0.452
CaH2_slab/3,Ca_038,0.952,0.452
CaH2_slab/3,Ca_039,0.952,0.452
CaH2_slab/3,Ca_040,0.952,0.452
CaH2_slab/3,Ca_041,0.783,0.283
CaH2_slab/3,Ca_042,0.783,0.283
CaH2_slab/3,Ca_043,0.783,0.283
CaH2_slab/3,Ca_044,0.783,0.283
CaH2_slab/3,Ca_045,0.952,0.452
CaH2_slab/3,Ca_046,0.952,0.452
CaH2_slab/3,Ca_047,0.952,0.452
CaH2_slab/3,Ca_048,0.952,0.452
CaH2_slab/4,Ca_001,0.035,0.465
CaH2_slab/4,Ca_002,0.035,0.465
CaH2_slab/4,Ca_003,0.035,0.465
CaH2_slab/4,Ca_004,0.035,0.465
CaH2_slab/4,Ca_005,0.158,0.342
CaH2_slab/4,Ca_006,0.158,0.342
CaH2_slab/4,Ca_007,0.158,0.342
CaH2_slab/4,Ca_008,0.158,0.342
CaH2_slab/4,Ca_009,0.035,0.465
CaH2_slab/4,Ca_010,0.035,0.465
CaH2_slab/4,Ca_011,0.035,0.465
CaH2_slab/4,Ca_012,0.035,0.465
CaH2_slab/4,Ca_013,0.158,0.342
CaH2_slab/4,Ca_014,0.158,0.342
CaH2_slab/4,Ca_015,0.158,0.342
CaH2_slab/4,Ca_016,0.158,0.342
CaH2_slab/4,Ca_017,0.300,0.200
CaH2_slab/4,Ca_018,0.300,0.200
CaH2_slab/4,Ca_019,0.300,0.200
CaH2_slab/4,Ca_020,0.300,0.200
CaH2_slab/4,Ca_021,0.432,0.068
CaH2_slab/4,Ca_022,0.432,0.068
CaH2_slab/4,Ca_023,0.432,0.068
CaH2_slab/4,Ca_024,0.432,0.068
CaH2_slab/4,Ca_025,0.300,0.200
CaH2_slab/4,Ca_026,0.300,0.200
CaH2_slab/4,Ca_027,0.300,0.200
CaH2_slab/4,Ca_028,0.300,0.200
CaH2_slab/4,Ca_029,0.432,0.068
CaH2_slab/4,Ca_030,0.432,0.068
CaH2_slab/4,Ca_031,0.432,0.068
CaH2_slab/4,Ca_032,0.432,0.068
CaH2_slab/4,Ca_033,0.568,0.068
CaH2_slab/4,Ca_034,0.568,0.068
CaH2_slab/4,Ca_035,0.568,0.068
CaH2_slab/4,Ca_036,0.568,0.068
CaH2_slab/4,Ca_037,0.700,0.200
CaH2_slab/4,Ca_038,0.700,0.200
CaH2_slab/4,Ca_039,0.700,0.200
CaH2_slab/4,Ca_040,0.700,0.200
CaH2_slab/4,Ca_041,0.568,0.068
CaH2_slab/4,Ca_042,0.568,0.068
CaH2_slab/4,Ca_043,0.568,0.068
CaH2_slab/4,Ca_044,0.568,0.068
CaH2_slab/4,Ca_045,0.700,0.200
CaH2_slab/4,Ca_046,0.700,0.200
CaH2_slab/4,Ca_047,0.700,0.200
CaH2_slab/4,Ca_048,0.700,0.200
CaH2_slab/4,Ca_049,0.842,0.342
CaH2_slab/4,Ca_050,0.842,0.342
CaH2_slab/4,Ca_051,0.842,0.342
CaH2_slab/4,Ca_052,0.842,0.342
CaH2_slab/4,Ca_053,0.965,0.465
CaH2_slab/4,Ca_054,0.965,0.465
CaH2_slab/4,Ca_055,0.965,0.465
CaH2_slab/4,Ca_056,0.965,0.465
CaH2_slab/4,Ca_057,0.842,0.342
CaH2_slab/4,Ca_058,0.842,0.342
CaH2_slab/4,Ca_059,0.842,0.342
CaH2_slab/4,Ca_060,0.842,0.342
CaH2_slab/4,Ca_061,0.965,0.465
CaH2_slab/4,Ca_062,0.965,0.465
CaH2_slab/4,Ca_063,0.965,0.465
CaH2_slab/4,Ca_064,0.965,0.465
CaH2_slab/5,Ca_001,0.028,0.472
CaH2_slab/5,Ca_002,0.028,0.472
CaH2_slab/5,Ca_003,0.028,0.472
CaH2_slab/5,Ca_004,0.028,0.472
CaH2_slab/5,Ca_005,0.124,0.376
CaH2_slab/5,Ca_006,0.124,0.376
CaH2_slab/5,Ca_007,0.124,0.376
CaH2_slab/5,Ca_008,0.124,0.376
CaH2_slab/5,Ca_009,0.028,0.472
CaH2_slab/5,Ca_010,0.028,0.472
CaH2_slab/5,Ca_011,0.028,0.472
CaH2_slab/5,Ca_012,0.028,0.472
CaH2_slab/5,Ca_013,0.124,0.376
CaH2_slab/5,Ca_014,0.124,0.376
CaH2_slab/5,Ca_015,0.124,0.376
CaH2_slab/5,Ca_016,0.124,0.376
CaH2_slab/5,Ca_017,0.236,0.264
CaH2_slab/5,Ca_018,0.236,0.264
CaH2_slab/5,Ca_019,0.236,0.264
CaH2_slab/5,Ca_020,0.236,0.264
CaH2_slab/5,Ca_021,0.340,0.160
CaH2_slab/5,Ca_022,0.340,0.160
CaH2_slab/5,Ca_023,0.340,0.160
CaH2_slab/5,Ca_024,0.340,0.160
CaH2_slab/5,Ca_025,0.236,0.264
CaH2_slab/5,Ca_026,0.236,0.264
CaH2_slab/5,Ca_027,0.236,0.264
CaH2_slab/5,Ca_028,0.236,0.264
CaH2_slab/5,Ca_029,0.340,0.160
CaH2_slab/5,Ca_030,0.340,0.160
CaH2_slab/5,Ca_031,0.340,0.160
CaH2_slab/5,Ca_032,0.340,0.160
CaH2_slab/5,Ca_033,0.446,0.054
CaH2_slab/5,Ca_034,0.446,0.054
CaH2_slab/5,Ca_035,0.446,0.054
CaH2_slab/5,Ca_036,0.446,0.054
CaH2_slab/5,Ca_037,0.554,0.054
CaH2_slab/5,Ca_038,0.554,0.054
CaH2_slab/5,Ca_039,0.554,0.054
CaH2_slab/5,Ca_040,0.554,0.054
CaH2_slab/5,Ca_041,0.446,0.054
CaH2_slab/5,Ca_042,0.446,0.054
CaH2_slab/5,Ca_043,0.446,0.054
CaH2_slab/5,Ca_044,0.446,0.054
CaH2_slab/5,Ca_045,0.554,0.054
CaH2_slab/5,Ca_046,0.554,0.054
CaH2_slab/5,Ca_047,0.554,0.054
CaH2_slab/5,Ca_048,0.554,0.054
CaH2_slab/5,Ca_049,0.660,0.160
CaH2_slab/5,Ca_050,0.660,0.160
CaH2_slab/5,Ca_051,0.660,0.160
CaH2_slab/5,Ca_052,0.660,0.160
CaH2_slab/5,Ca_053,0.764,0.264
CaH2_slab/5,Ca_054,0.764,0.264
CaH2_slab/5,Ca_055,0.764,0.264
CaH2_slab/5,Ca_056,0.764,0.264
CaH2_slab/5,Ca_057,0.660,0.160
CaH2_slab/5,Ca_058,0.660,0.160
CaH2_slab/5,Ca_059,0.660,0.160
CaH2_slab/5,Ca_060,0.660,0.160
CaH2_slab/5,Ca_061,0.764,0.264
CaH2_slab/5,Ca_062,0.764,0.264
CaH2_slab/5,Ca_063,0.764,0.264
CaH2_slab/5,Ca_064,0.764,0.264
CaH2_slab/5,Ca_065,0.876,0.376
CaH2_slab/5,Ca_066,0.876,0.376
CaH2_slab/5,Ca_067,0.876,0.376
CaH2_slab/5,Ca_068,0.876,0.376
CaH2_slab/5,Ca_069,0.972,0.472
CaH2_slab/5,Ca_070,0.972,0.472
CaH2_slab/5,Ca_071,0.972,0.472
CaH2_slab/5,Ca_072,0.972,0.472
CaH2_slab/5,Ca_073,0.876,0.376
CaH2_slab/5,Ca_074,0.876,0.376
CaH2_slab/5,Ca_075,0.876,0.376
CaH2_slab/5,Ca_076,0.876,0.376
CaH2_slab/5,Ca_077,0.972,0.472
CaH2_slab/5,Ca_078,0.972,0.472
CaH2_slab/5,Ca_079,0.972,0.472
CaH2_slab/5,Ca_080,0.972,0.472
CaH2_slab/6,Ca_001,0.023,0.477
CaH2_slab/6,Ca_002,0.023,0.477
CaH2_slab/6,Ca_003,0.023,0.477
CaH2_slab/6,Ca_004,0.023,0.477
CaH2_slab/6,Ca_005,0.102,0.398
CaH2_slab/6,Ca_006,0.102,0.398
CaH2_slab/6,Ca_007,0.102,0.398
CaH2_slab/6,Ca_008,0.102,0.398
CaH2_slab/6,Ca_009,0.023,0.477
CaH2_slab/6,Ca_010,0.023,0.477
CaH2_slab/6,Ca_011,0.023,0.477
CaH2_slab/6,Ca_012,0.023,0.477
CaH2_slab/6,Ca_013,0.102,0.398
CaH2_slab/6,Ca_014,0.102,0.398
CaH2_slab/6,Ca_015,0.102,0.398
CaH2_slab/6,Ca_016,0.102,0.398
CaH2_slab/6,Ca_017,0.195,0.305
CaH2_slab/6,Ca_018,0.195,0.305
CaH2_slab/6,Ca_019,0.195,0.305
CaH2_slab/6,Ca_020,0.195,0.305
CaH2_slab/6,Ca_021,0.280,0.220
CaH2_slab/6,Ca_022,0.280,0.220
CaH2_slab/6,Ca_023,0.280,0.220
CaH2_slab/6,Ca_024,0.280,0.220
CaH2_slab/6,Ca_025,0.195,0.305
CaH2_slab/6,Ca_026,0.195,0.305
CaH2_slab/6,Ca_027,0.195,0.305
CaH2_slab/6,Ca_028,0.195,0.305
CaH2_slab/6,Ca_029,0.280,0.220
CaH2_slab/6,Ca_030,0.280,0.220
CaH2_slab/6,Ca_031,0.280,0.220
CaH2_slab/6,Ca_032,0.280,0.220
CaH2_slab/6,Ca_033,0.369,0.131
CaH2_slab/6,Ca_034,0.369,0.131
CaH2_slab/6,Ca_035,0.369,0.131
CaH2_slab/6,Ca_036,0.369,0.131
CaH2_slab/6,Ca_037,0.456,0.044
CaH2_slab/6,Ca_038,0.456,0.044
CaH2_slab/6,Ca_039,0.456,0.044
CaH2_slab/6,Ca_040,0.456,0.044
CaH2_slab/6,Ca_041,0.369,0.131
CaH2_slab/6,Ca_042,0.369,0.131
CaH2_slab/6,Ca_043,0.369,0.131
CaH2_slab/6,Ca_044,0.369,0.131
CaH2_slab/6,Ca_045,0.456,0.044
CaH2_slab/6,Ca_046,0.456,0.044
CaH2_slab/6,Ca_047,0.456,0.044
CaH2_slab/6,Ca_048,0.456,0.044
CaH2_slab/6,Ca_049,0.544,0.044
CaH2_slab/6,Ca_050,0.544,0.044
CaH2_slab/6,Ca_051,0.544,0.044
CaH2_slab/6,Ca_052,0.544,0.044
CaH2_slab/6,Ca_053,0.631,0.131
CaH2_slab/6,Ca_054,0.631,0.131
CaH2_slab/6,Ca_055,0.631,0.131
CaH2_slab/6,Ca_056,0.631,0.131
CaH2_slab/6,Ca_057,0.544,0.044
CaH2_slab/6,Ca_058,0.544,0.044
CaH2_slab/6,Ca_059,0.544,0.044
CaH2_slab/6,Ca_060,0.544,0.044
CaH2_slab/6,Ca_061,0.631,0.131
CaH2_slab/6,Ca_062,0.631,0.131
CaH2_slab/6,Ca_063,0.631,0.131
CaH2_slab/6,Ca_064,0.631,0.131
CaH2_slab/6,Ca_065,0.720,0.220
CaH2_slab/6,Ca_066,0.720,0.220
CaH2_slab/6,Ca_067,0.720,0.220
CaH2_slab/6,Ca_068,0.720,0.220
CaH2_slab/6,Ca_069,0.805,0.305
CaH2_slab/6,Ca_070,0.805,0.305
CaH2_slab/6,Ca_071,0.805,0.305
CaH2_slab/6,Ca_072,0.805,0.305
CaH2_slab/6,Ca_073,0.720,0.220
CaH2_slab/6,Ca_074,0.720,0.220
CaH2_slab/6,Ca_075,0.720,0.220
CaH2_slab/6,Ca_076,0.720,0.220
CaH2_slab/6,Ca_077,0.805,0.305
CaH2_slab/6,Ca_078,0.805,0.305
CaH2_slab/6,Ca_079,0.805,0.305
CaH2_slab/6,Ca_080,0.805,0.305
CaH2_slab/6,Ca_081,0.898,0.398
CaH2_slab/6,Ca_082,0.898,0.398
CaH2_slab/6,Ca_083,0.898,0.398
CaH2_slab/6,Ca_084,0.898,0.398
CaH2_slab/6,Ca_085,0.977,0.477
CaH2_slab/6,Ca_086,0.977,0.477
CaH2_slab/6,Ca_087,0.977,0.477
CaH2_slab/6,Ca_088,0.977,0.477
CaH2_slab/6,Ca_089,0.898,0.398
CaH2_slab/6,Ca_090,0.898,0.398
CaH2_slab/6,Ca_091,0.898,0.398
CaH2_slab/6,Ca_092,0.898,0.398
CaH2_slab/6,Ca_093,0.977,0.477
CaH2_slab/6,Ca_094,0.977,0.477
CaH2_slab/6,Ca_095,0.977,0.477
CaH2_slab/6,Ca_096,0.977,0.477
CaH2_slab/7,Ca_001,0.020,0.480
CaH2_slab/7,Ca_002,0.020,0.480
CaH2_slab/7,Ca_003,0.020,0.480
CaH2_slab/7,Ca_004,0.020,0.480
CaH2_slab/7,Ca_005,0.087,0.413
CaH2_slab/7,Ca_006,0.087,0.413
CaH2_slab/7,Ca_007,0.087,0.413
CaH2_slab/7,Ca_008,0.087,0.413
CaH2_slab/7,Ca_009,0.020,0.480
CaH2_slab/7,Ca_010,0.020,0.480
CaH2_slab/7,Ca_011,0.020,0.480
CaH2_slab/7,Ca_012,0.020,0.480
CaH2_slab/7,Ca_013,0.087,0.413
CaH2_slab/7,Ca_014,0.087,0.413
CaH2_slab/7,Ca_015,0.087,0.413
CaH2_slab/7,Ca_016,0.087,0.413
CaH2_slab/7,Ca_017,0.166,0.334
CaH2_slab/7,Ca_018,0.166,0.334
CaH2_slab/7,Ca_019,0.166,0.334
CaH2_slab/7,Ca_020,0.166,0.334
CaH2_slab/7,Ca_021,0.238,0.262
CaH2_slab/7,Ca_022,0.238,0.262
CaH2_slab/7,Ca_023,0.238,0.262
CaH2_slab/7,Ca_024,0.238,0.262
CaH2_slab/7,Ca_025,0.166,0.334
CaH2_slab/7,Ca_026,0.166,0.334
CaH2_slab/7,Ca_027,0.166,0.334
CaH2_slab/7,Ca_028,0.166,0.334
CaH2_slab/7,Ca_029,0.238,0.262
CaH2_slab/7,Ca_030,0.238,0.262
CaH2_slab/7,Ca_031,0.238,0.262
CaH2_slab/7,Ca_032,0.238,0.262
CaH2_slab/7,Ca_033,0.314,0.186
CaH2_slab/7,Ca_034,0.314,0.186
CaH2_slab/7,Ca_035,0.314,0.186
CaH2_slab/7,Ca_036,0.314,0.186
CaH2_slab/7,Ca_037,0.388,0.112
CaH2_slab/7,Ca_038,0.388,0.112
CaH2_slab/7,Ca_039,0.388,0.112
CaH2_slab/7,Ca_040,0.388,0.112
CaH2_slab/7,Ca_041,0.314,0.186
CaH2_slab/7,Ca_042,0.314,0.186
CaH2_slab/7,Ca_043,0.314,0.186
CaH2_slab/7,Ca_044,0.314,0.186
CaH2_slab/7,Ca_045,0.388,0.112
CaH2_slab/7,Ca_046,0.388,0.112
CaH2_slab/7,Ca_047,0.388,0.112
CaH2_slab/7,Ca_048,0.388,0.112
CaH2_slab/7,Ca_049,0.462,0.038
CaH2_slab/7,Ca_050,0.462,0.038
CaH2_slab/7,Ca_051,0.462,0.038
CaH2_slab/7,Ca_052,0.462,0.038
CaH2_slab/7,Ca_053,0.538,0.038
CaH2_slab/7,Ca_054,0.538,0.038
CaH2_slab/7,Ca_055,0.538,0.038
CaH2_slab/7,Ca_056,0.538,0.038
CaH2_slab/7,Ca_057,0.462,0.038
CaH2_slab/7,Ca_058,0.462,0.038
CaH2_slab/7,Ca_059,0.462,0.038
CaH2_slab/7,Ca_060,0.462,0.038
CaH2_slab/7,Ca_061,0.538,0.038
CaH2_slab/7,Ca_062,0.538,0.038
CaH2_slab/7,Ca_063,0.538,0.038
CaH2_slab/7,Ca_064,0.538,0.038
CaH2_slab/7,Ca_065,0.612,0.112
CaH2_slab/7,Ca_066,0.612,0.112
CaH2_slab/7,Ca_067,0.612,0.112
CaH2_slab/7,Ca_068,0.612,0.112
CaH2_slab/7,Ca_069,0.686,0.186
CaH2_slab/7,Ca_070,0.686,0.186
CaH2_slab/7,Ca_071,0.686,0.186
CaH2_slab/7,Ca_072,0.686,0.186
CaH2_slab/7,Ca_073,0.612,0.112
CaH2_slab/7,Ca_074,0.612,0.112
CaH2_slab/7,Ca_075,0.612,0.112
CaH2_slab/7,Ca_076,0.612,0.112
CaH2_slab/7,Ca_077,0.686,0.186
CaH2_slab/7,Ca_078,0.686,0.186
CaH2_slab/7,Ca_079,0.686,0.186
CaH2_slab/7,Ca_080,0.686,0.186
CaH2_slab/7,Ca_081,0.762,0.262
CaH2_slab/7,Ca_082,0.762,0.262
CaH2_slab/7,Ca_083,0.762,0.262
CaH2_slab/7,Ca_084,0.762,0.262
CaH2_slab/7,Ca_085,0.834,0.334
CaH2_slab/7,Ca_086,0.834,0.334
CaH2_slab/7,Ca_087,0.834,0.334
CaH2_slab/7,Ca_088,0.834,0.334
CaH2_slab/7,Ca_089,0.762,0.262
CaH2_slab/7,Ca_090,0.762,0.262
CaH2_slab/7,Ca_091,0.762,0.262
CaH2_slab/7,Ca_092,0.762,0.262
CaH2_slab/7,Ca_093,0.834,0.334
CaH2_slab/7,Ca_094,0.834,0.334
CaH2_slab/7,Ca_095,0.834,0.334
CaH2_slab/7,Ca_096,0.834,0.334
CaH2_slab/7,Ca_097,0.913,0.413
CaH2_slab/7,Ca_098,0.913,0.413
CaH2_slab/7,Ca_099,0.913,0.413
CaH2_slab/7,Ca_100,0.913,0.413
CaH2_slab/7,Ca_101,0.980,0.480
CaH2_slab/7,Ca_102,0.980,0.480
CaH2_slab/7,Ca_103,0.980,0.480
CaH2_slab/7,Ca_104,0.980,0.480
CaH2_slab/7,Ca_105,0.913,0.413
CaH2_slab/7,Ca_106,0.913,0.413
CaH2_slab/7,Ca_107,0.913,0.413
CaH2_slab/7,Ca_108,0.913,0.413
CaH2_slab/7,Ca_109,0.980,0.480
CaH2_slab/7,Ca_110,0.980,0.480
CaH2_slab/7,Ca_111,0.980,0.480
CaH2_slab/7,Ca_112,0.980,0.480
CaH2_slab/8,Ca_001,0.017,0.483
CaH2_slab/8,Ca_002,0.017,0.483
CaH2_slab/8,Ca_003,0.017,0.483
CaH2_slab/8,Ca_004,0.017,0.483
CaH2_slab/8,Ca_005,0.075,0.425
CaH2_slab/8,Ca_006,0.075,0.425
CaH2_slab/8,Ca_007,0.075,0.425
CaH2_slab/8,Ca_008,0.075,0.425
CaH2_slab/8,Ca_009,0.017,0.483
CaH2_slab/8,Ca_010,0.017,0.483
CaH2_slab/8,Ca_011,0.017,0.483
CaH2_slab/8,Ca_012,0.017,0.483
CaH2_slab/8,Ca_013,0.075,0.425
CaH2_slab/8,Ca_014,0.075,0.425
CaH2_slab/8,Ca_015,0.075,0.425
CaH2_slab/8,Ca_016,0.075,0.425
CaH2_slab/8,Ca_017,0.144,0.356
CaH2_slab/8,Ca_018,0.144,0.356
CaH2_slab/8,Ca_019,0.144,0.356
CaH2_slab/8,Ca_020,0.144,0.356
CaH2_slab/8,Ca_021,0.207,0.293
CaH2_slab/8,Ca_022,0.207,0.293
CaH2_slab/8,Ca_023,0.207,0.293
CaH2_slab/8,Ca_024,0.207,0.293
CaH2_slab/8,Ca_025,0.144,0.356
CaH2_slab/8,Ca_026,0.144,0.356
CaH2_slab/8,Ca_027,0.144,0.356
CaH2_slab/8,Ca_028,0.144,0.356
CaH2_slab/8,Ca_029,0.207,0.293
CaH2_slab/8,Ca_030,0.207,0.293
CaH2_slab/8,Ca_031,0.207,0.293
CaH2_slab/8,Ca_032,0.207,0.293
CaH2_slab/8,Ca_033,0.273,0.227
CaH2_slab/8,Ca_034,0.273,0.227
CaH2_slab/8,Ca_035,0.273,0.227
CaH2_slab/8,Ca_036,0.273,0.227
CaH2_slab/8,Ca_037,0.337,0.163
CaH2_slab/8,Ca_038,0.337,0.163
CaH2_slab/8,Ca_039,0.337,0.163
CaH2_slab/8,Ca_040,0.337,0.163
CaH2_slab/8,Ca_041,0.273,0.227
CaH2_slab/8,Ca_042,0.273,0.227
CaH2_slab/8,Ca_043,0.273,0.227
CaH2_slab/8,Ca_044,0.273,0.227
CaH2_slab/8,Ca_045,0.337,0.163
CaH2_slab/8,Ca_046,0.337,0.163
CaH2_slab/8,Ca_047,0.337,0.163
CaH2_slab/8,Ca_048,0.337,0.163
CaH2_slab/8,Ca_049,0.403,0.097
CaH2_slab/8,Ca_050,0.403,0.097
CaH2_slab/8,Ca_051,0.403,0.097
CaH2_slab/8,Ca_052,0.403,0.097
CaH2_slab/8,Ca_053,0.467,0.033
CaH2_slab/8,Ca_054,0.467,0.033
CaH2_slab/8,Ca_055,0.467,0.033
CaH2_slab/8,Ca_056,0.467,0.033
CaH2_slab/8,Ca_057,0.403,0.097
CaH2_slab/8,Ca_058,0.403,0.097
CaH2_slab/8,Ca_059,0.403,0.097
CaH2_slab/8,Ca_060,0.403,0.097
CaH2_slab/8,Ca_061,0.467,0.033
CaH2_slab/8,Ca_062,0.467,0.033
CaH2_slab/8,Ca_063,0.467,0.033
CaH2_slab/8,Ca_064,0.467,0.033
CaH2_slab/8,Ca_065,0.533,0.033
CaH2_slab/8,Ca_066,0.533,0.033
CaH2_slab/8,Ca_067,0.533,0.033
CaH2_slab/8,Ca_068,0.533,0.033
CaH2_slab/8,Ca_069,0.597,0.097
CaH2_slab/8,Ca_070,0.597,0.097
CaH2_slab/8,Ca_071,0.597,0.097
CaH2_slab/8,Ca_072,0.597,0.097
CaH2_slab/8,Ca_073,0.533,0.033
CaH2_slab/8,Ca_074,0.533,0.033
CaH2_slab/8,Ca_075,0.533,0.033
CaH2_slab/8,Ca_076,0.533,0.033
CaH2_slab/8,Ca_077,0.597,0.097
CaH2_slab/8,Ca_078,0.597,0.097
CaH2_slab/8,Ca_079,0.597,0.097
CaH2_slab/8,Ca_080,0.597,0.097
CaH2_slab/8,Ca_081,0.663,0.163
CaH2_slab/8,Ca_082,0.663,0.163
CaH2_slab/8,Ca_083,0.663,0.163
CaH2_slab/8,Ca_084,0.663,0.163
CaH2_slab/8,Ca_085,0.727,0.227
CaH2_slab/8,Ca_086,0.727,0.227
CaH2_slab/8,Ca_087,0.727,0.227
CaH2_slab/8,Ca_088,0.727,0.227
CaH2_slab/8,Ca_089,0.663,0.163
CaH2_slab/8,Ca_090,0.663,0.163
CaH2_slab/8,Ca_091,0.663,0.163
CaH2_slab/8,Ca_092,0.663,0.163
CaH2_slab/8,Ca_093,0.727,0.227
CaH2_slab/8,Ca_094,0.727,0.227
CaH2_slab/8,Ca_095,0.727,0.227
CaH2_slab/8,Ca_096,0.727,0.227
CaH2_slab/8,Ca_097,0.793,0.293
CaH2_slab/8,Ca_098,0.793,0.293
CaH2_slab/8,Ca_099,0.793,0.293
CaH2_slab/8,Ca_100,0.793,0.293
CaH2_slab/8,Ca_101,0.856,0.356
CaH2_slab/8,Ca_102,0.856,0.356
CaH2_slab/8,Ca_103,0.856,0.356
CaH2_slab/8,Ca_104,0.856,0.356
CaH2_slab/8,Ca_105,0.793,0.293
CaH2_slab/8,Ca_106,0.793,0.293
CaH2_slab/8,Ca_107,0.793,0.293
CaH2_slab/8,Ca_108,0.793,0.293
CaH2_slab/8,Ca_109,0.856,0.356
CaH2_slab/8,Ca_110,0.856,0.356
CaH2_slab/8,Ca_111,0.856,0.356
CaH2_slab/8,Ca_112,0.856,0.356
CaH2_slab/8,Ca_113,0.925,0.425
CaH2_slab/8,Ca_114,0.925,0.425
CaH2_slab/8,Ca_115,0.925,0.425
CaH2_slab/8,Ca_116,0.925,0.425
CaH2_slab/8,Ca_117,0.983,0.483
CaH2_slab/8,Ca_118,0.983,0.483
CaH2_slab/8,Ca_119,0.983,0.483
CaH2_slab/8,Ca_120,0.983,0.483
CaH2_slab/8,Ca_121,0.925,0.425
CaH2_slab/8,Ca_122,0.925,0.425
CaH2_slab/8,Ca_123,0.925,0.425
CaH2_slab/8,Ca_124,0.925,0.425
CaH2_slab/8,Ca_125,0.983,0.483
CaH2_slab/8,Ca_126,0.983,0.483
CaH2_slab/8,Ca_127,0.983,0.483
CaH2_slab/8,Ca_128,0.983,0.483
CaO_OH2_slab/3,Ca_001,0.768,0.268
CaO_OH2_slab/3,Ca_002,0.768,0.268
CaO_OH2_slab/3,Ca_003,0.768,0.268
CaO_OH2_slab/3,Ca_004,0.768,0.268
CaO_OH2_slab/3,Ca_005,0.886,0.386
CaO_OH2_slab/3,Ca_006,0.886,0.386
CaO_OH2_slab/3,Ca_007,0.886,0.386
CaO_OH2_slab/3,Ca_008,0.886,0.386
CaO_OH2_slab/3,Ca_009,0.554,0.054
CaO_OH2_slab/3,Ca_010,0.554,0.054
CaO_OH2_slab/3,Ca_011,0.554,0.054
CaO_OH2_slab/3,Ca_012,0.554,0.054
CaO_OH2_slab/3,Ca_013,0.662,0.162
CaO_OH2_slab/3,Ca_014,0.662,0.162
CaO_OH2_slab/3,Ca_015,0.662,0.162
CaO_OH2_slab/3,Ca_016,0.662,0.162
CaO_OH2_slab/3,Ca_017,0.338,0.162
CaO_OH2_slab/3,Ca_018,0.338,0.162
CaO_OH2_slab/3,Ca_019,0.338,0.162
CaO_OH2_slab/3,Ca_020,0.338,0.162
CaO_OH2_slab/3,Ca_021,0.446,0.054
CaO_OH2_slab/3,Ca_022,0.446,0.054
CaO_OH2_slab/3,Ca_023,0.446,0.054
CaO_OH2_slab/3,Ca_024,0.446,0.054
CaO_OH2_slab/3,Ca_025,0.114,0.386
CaO_OH2_slab/3,Ca_026,0.114,0.386
CaO_OH2_slab/3,Ca_027,0.114,0.386
CaO_OH2_slab/3,Ca_028,0.114,0.386
CaO_OH2_slab/3,Ca_029,0.232,0.268
CaO_OH2_slab/3,Ca_030,0.232,0.268
CaO_OH2_slab/3,Ca_031,0.232,0.268
CaO_OH2_slab/3,Ca_032,0.232,0.268
CaO_OH2_slab/3,O_033,0.771,0.271
CaO_OH2_slab/3,O_034,0.771,0.271
CaO_OH2_slab/3,O_035,0.771,0.271
CaO_OH2_slab/3,O_036,0.771,0.271
CaO_OH2_slab/3,O_037,0.871,0.371
CaO_OH2_slab/3,O_038,0.871,0.371
CaO_OH2_slab/3,O_039,0.871,0.371
CaO_OH2_slab/3,O_040,0.871,0.371
CaO_OH2_slab/3,O_041,0.554,0.054
CaO_OH2_slab/3,O_042,0.554,0.054
CaO_OH2_slab/3,O_043,0.554,0.054
CaO_OH2_slab/3,O_044,0.554,0.054
CaO_OH2_slab/3,O_045,0.661,0.161
CaO_OH2_slab/3,O_046,0.661,0.161
CaO_OH2_slab/3,O_047,0.661,0.161
CaO_OH2_slab/3,O_048,0.661,0.161
CaO_OH2_slab/3,O_049,0.338,0.162
CaO_OH2_slab/3,O_050,0.338,0.162
CaO_OH2_slab/3,O_051,0.338,0.162
CaO_OH2_slab/3,O_052,0.338,0.162
CaO_OH2_slab/3,O_053,0.446,0.054
CaO_OH2_slab/3,O_054,0.446,0.054
CaO_OH2_slab/3,O_055,0.446,0.054
CaO_OH2_slab/3,O_056,0.446,0.054
CaO_OH2_slab/3,O_057,0.129,0.371
CaO_OH2_slab/3,O_058,0.129,0.371
CaO_OH2_slab/3,O_059,0.129,0.371
CaO_OH2_slab/3,O_060,0.129,0.371
CaO_OH2_slab/3,O_061,0.229,0.271
CaO_OH2_slab/3,O_062,0.229,0.271
CaO_OH2_slab/3,O_063,0.229,0.271
CaO_OH2_slab/3,O_064,0.229,0.271
CaO_OH2_slab/3,O_065,0.040,0.460
CaO_OH2_slab/3,O_066,0.040,0.460
CaO_OH2_slab/3,O_067,0.040,0.460
CaO_OH2_slab/3,O_068,0.040,0.460
CaO_OH2_slab/3,O_069,0.960,0.460
CaO_OH2_slab/3,O_070,0.960,0.460
CaO_OH2_slab/3,O_071,0.960,0.460
CaO_OH2_slab/3,O_072,0.960,0.460
CaO_slab/3,Ca_001,0.802,0.302
CaO_slab/3,Ca_002,0.802,0.302
CaO_slab/3,Ca_003,0.802,0.302
CaO_slab/3,Ca_004,0.802,0.302
CaO_slab/3,Ca_005,1.000,0.500
CaO_slab/3,Ca_006,1.000,0.500
CaO_slab/3,Ca_007,1.000,0.500
CaO_slab/3,Ca_008,1.000,0.500
CaO_slab/3,Ca_009,0.399,0.101
CaO_slab/3,Ca_010,0.399,0.101
CaO_slab/3,Ca_011,0.399,0.101
CaO_slab/3,Ca_012,0.399,0.101
CaO_slab/3,Ca_013,0.601,0.101
CaO_slab/3,Ca_014,0.601,0.101
CaO_slab/3,Ca_015,0.601,0.101
CaO_slab/3,Ca_016,0.601,0.101
CaO_slab/3,Ca_017,0.000,0.500
CaO_slab/3,Ca_018,0.000,0.500
CaO_slab/3,Ca_019,0.000,0.500
CaO_slab/3,Ca_020,0.000,0.500
CaO_slab/3,Ca_021,0.198,0.302
CaO_slab/3,Ca_022,0.198,0.302
CaO_slab/3,Ca_023,0.198,0.302
CaO_slab/3,Ca_024,0.198,0.302
CaO_slab/3,O_025,0.803,0.303
CaO_slab/3,O_026,0.803,0.303
CaO_slab/3,O_027,0.803,0.303
CaO_slab/3,O_028,0.803,0.303
CaO_slab/3,O_029,0.999,0.499
CaO_slab/3,O_030,0.999,0.499
CaO_slab/3,O_031,0.999,0.499
CaO_slab/3,O_032,0.999,0.499
CaO_slab/3,O_033,0.399,0.101
CaO_slab/3,O_034,0.399,0.101
CaO_slab/3,O_035,0.399,0.101
CaO_slab/3,O_036,0.399,0.101
CaO_slab/3,O_037,0.601,0.101
CaO_slab/3,O_038,0.601,0.101
CaO_slab/3,O_039,0.601,0.101
CaO_slab/3,O_040,0.601,0.101
CaO_slab/3,O_041,0.001,0.499
CaO_slab/3,O_042,0.001,0.499
CaO_slab/3,O_043,0.001,0.499
CaO_slab/3,O_044,0.001,0.499
CaO_slab/3,O_045,0.197,0.303
CaO_slab/3,O_046,0.197,0.303
CaO_slab/3,O_047,0.197,0.303
CaO_slab/3,O_048,0.197,0.303
CaO_slab/4,Ca_001,0.858,0.358
CaO_slab/4,Ca_002,0.858,0.358
CaO_slab/4,Ca_003,0.858,0.358
CaO_slab/4,Ca_004,0.858,0.358
CaO_slab/4,Ca_005,1.000,0.500
CaO_slab/4,Ca_006,1.000,0.500
CaO_slab/4,Ca_007,1.000,0.500
CaO_slab/4,Ca_008,1.000,0.500
CaO_slab/4,Ca_009,0.572,0.072
CaO_slab/4,Ca_010,0.572,0.072
CaO_slab/4,Ca_011,0.572,0.072
CaO_slab/4,Ca_012,0.572,0.072
CaO_slab/4,Ca_013,0.715,0.215
CaO_slab/4,Ca_014,0.715,0.215
CaO_slab/4,Ca_015,0.715,0.215
CaO_slab/4,Ca_016,0.715,0.215
CaO_slab/4,Ca_017,0.285,0.215
CaO_slab/4,Ca_018,0.285,0.215
CaO_slab/4,Ca_019,0.285,0.215
CaO_slab/4,Ca_020,0.285,0.215
CaO_slab/4,Ca_021,0.428,0.072
CaO_slab/4,Ca_022,0.428,0.072
CaO_slab/4,Ca_023,0.428,0.072
CaO_slab/4,Ca_024,0.428,0.072
CaO_slab/4,Ca_025,0.000,0.500
CaO_slab/4,Ca_026,0.000,0.500
CaO_slab/4,Ca_027,0.000,0.500
CaO_slab/4,Ca_028,0.000,0.500
CaO_slab/4,Ca_029,0.142,0.358
CaO_slab/4,Ca_030,0.142,0.358
CaO_slab/4,Ca_031,0.142,0.358
CaO_slab/4,Ca_032,0.142,0.358
CaO_slab/4,O_033,0.859,0.359
CaO_slab/4,O_034,0.859,0.359
CaO_slab/4,O_035,0.859,0.359
CaO_slab/4,O_036,0.859,0.359
CaO_slab/4,O_037,0.999,0.499
CaO_slab/4,O_038,0.999,0.499
CaO_slab/4,O_039,0.999,0.499
CaO_slab/4,O_040,0.999,0.499
CaO_slab/4,O_041,0.572,0.072
CaO_slab/4,O_042,0.572,0.072
CaO_slab/4,O_043,0.572,0.072
CaO_slab/4,O_044,0.572,0.072
CaO_slab/4,O_045,0.715,0.215
CaO_slab/4,O_046,0.715,0.215
CaO_slab/4,O_047,0.715,0.215
CaO_slab/4,O_048,0.715,0.215
CaO_slab/4,O_049,0.285,0.215
CaO_slab/4,O_050,0.285,0.215
CaO_slab/4,O_051,0.285,0.215
CaO_slab/4,O_052,0.285,0.215
CaO_slab/4,O_053,0.428,0.072
CaO_slab/4,O_054,0.428,0.072
CaO_slab/4,O_055,0.428,0.072
CaO_slab/4,O_056,0.428,0.072
CaO_slab/4,O_057,0.001,0.499
CaO_slab/4,O_058,0.001,0.499
CaO_slab/4,O_059,0.001,0.499
CaO_slab/4,O_060,0.001,0.499
CaO_slab/4,O_061,0.141,0.359
CaO_slab/4,O_062,0.141,0.359
CaO_slab/4,O_063,0.141,0.359
CaO_slab/4,O_064,0.141,0.359
CaO_slab/5,Ca_001,0.890,0.390
CaO_slab/5,Ca_002,0.890,0.390
CaO_slab/5,Ca_003,0.890,0.390
CaO_slab/5,Ca_004,0.890,0.390
CaO_slab/5,Ca_005,1.000,0.500
CaO_slab/5,Ca_006,1.000,0.500
CaO_slab/5,Ca_007,1.000,0.500
CaO_slab/5,Ca_008,1.000,0.500
CaO_slab/5,Ca_009,0.667,0.167
CaO_slab/5,Ca_010,0.667,0.167
CaO_slab/5,Ca_011,0.667,0.167
CaO_slab/5,Ca_012,0.667,0.167
CaO_slab/5,Ca_013,0.778,0.278
CaO_slab/5,Ca_014,0.778,0.278
CaO_slab/5,Ca_015,0.778,0.278
CaO_slab/5,Ca_016,0.778,0.278
CaO_slab/5,Ca_017,0.444,0.056
CaO_slab/5,Ca_018,0.444,0.056
CaO_slab/5,Ca_019,0.444,0.056
CaO_slab/5,Ca_020,0.444,0.056
CaO_slab/5,Ca_021,0.556,0.056
CaO_slab/5,Ca_022,0.556,0.056
CaO_slab/5,Ca_023,0.556,0.056
CaO_slab/5,Ca_024,0.556,0.056
CaO_slab/5,Ca_025,0.222,0.278
CaO_slab/5,Ca_026,0.222,0.278
CaO_slab/5,Ca_027,0.222,0.278
CaO_slab/5,Ca_028,0.222,0.278
CaO_slab/5,Ca_029,0.333,0.167
CaO_slab/5,Ca_030,0.333,0.167
CaO_slab/5,Ca_031,0.333,0.167
CaO_slab/5,Ca_032,0.333,0.167
CaO_slab/5,Ca_033,0.000,0.500
CaO_slab/5,Ca_034,0.000,0.500
CaO_slab/5,Ca_035,0.000,0.500
CaO_slab/5,Ca_036,0.000,0.500
CaO_slab/5,Ca_037,0.110,0.390
CaO_slab/5,Ca_038,0.110,0.390
CaO_slab/5,Ca_039,0.110,0.390
CaO_slab/5,Ca_040,0.110,0.390
CaO_slab/5,O_041,0.891,0.391
CaO_slab/5,O_042,0.891,0.391
CaO_slab/5,O_043,0.891,0.391
CaO_slab/5,O_044,0.891,0.391
CaO_slab/5,O_045,0.999,0.499
CaO_slab/5,O_046,0.999,0.499
CaO_slab/5,O_047,0.999,0.499
CaO_slab/5,O_048,0.999,0.499
CaO_slab/5,O_049,0.668,0.168
CaO_slab/5,O_050,0.668,0.168
CaO_slab/5,O_051,0.668,0.168
CaO_slab/5,O_052,0.668,0.168
CaO_slab/5,O_053,0.779,0.279
CaO_slab/5,O_054,0.779,0.279
CaO_slab/5,O_055,0.779,0.279
CaO_slab/5,O_056,0.779,0.279
CaO_slab/5,O_057,0.444,0.056
CaO_slab/5,O_058,0.444,0.056
CaO_slab/5,O_059,0.444,0.056
CaO_slab/5,O_060,0.444,0.056
CaO_slab/5,O_061,0.556,0.056
CaO_slab/5,O_062,0.556,0.056
CaO_slab/5,O_063,0.556,0.056
CaO_slab/5,O_064,0.556,0.056
CaO_slab/5,O_065,0.221,0.279
CaO_slab/5,O_066,0.221,0.279
CaO_slab/5,O_067,0.221,0.279
CaO_slab/5,O_068,0.221,0.279
CaO_slab/5,O_069,0.332,0.168
CaO_slab/5,O_070,0.332,0.168
CaO_slab/5,O_071,0.332,0.168
CaO_slab/5,O_072,0.332,0.168
CaO_slab/5,O_073,0.001,0.499
CaO_slab/5,O_074,0.001,0.499
CaO_slab/5,O_075,0.001,0.499
CaO_slab/5,O_076,0.001,0.499
CaO_slab/5,O_077,0.109,0.391
CaO_slab/5,O_078,0.109,0.391
CaO_slab/5,O_079,0.109,0.391
CaO_slab/5,O_080,0.109,0.391
CaO_slab/6,Ca_001,0.910,0.410
CaO_slab/6,Ca_002,0.910,0.410
CaO_slab/6,Ca_003,0.910,0.410
CaO_slab/6,Ca_004,0.910,0.410
CaO_slab/6,Ca_005,1.000,0.500
CaO_slab/6,Ca_006,1.000,0.500
CaO_slab/6,Ca_007,1.000,0.500
CaO_slab/6,Ca_008,1.000,0.500
CaO_slab/6,Ca_009,0.728,0.228
CaO_slab/6,Ca_010,0.728,0.228
CaO_slab/6,Ca_011,0.728,0.228
CaO_slab/6,Ca_012,0.728,0.228
CaO_slab/6,Ca_013,0.819,0.319
CaO_slab/6,Ca_014,0.819,0.319
CaO_slab/6,Ca_015,0.819,0.319
CaO_slab/6,Ca_016,0.819,0.319
CaO_slab/6,Ca_017,0.546,0.046
CaO_slab/6,Ca_018,0.546,0.046
CaO_slab/6,Ca_019,0.546,0.046
CaO_slab/6,Ca_020,0.546,0.046
CaO_slab/6,Ca_021,0.637,0.137
CaO_slab/6,Ca_022,0.637,0.137
CaO_slab/6,Ca_023,0.637,0.137
CaO_slab/6,Ca_024,0.637,0.137
CaO_slab/6,Ca_025,0.363,0.137
CaO_slab/6,Ca_026,0.363,0.137
CaO_slab/6,Ca_027,0.363,0.137
CaO_slab/6,Ca_028,0.363,0.137
CaO_slab/6,Ca_029,0.454,0.046
CaO_slab/6,Ca_030,0.454,0.046
CaO_slab/6,Ca_031,0.454,0.046
CaO_slab/6,Ca_032,0.454,0.046
CaO_slab/6,Ca_033,0.181,0.319
CaO_slab/6,Ca_034,0.181,0.319
CaO_slab/6,Ca_035,0.181,0.319
CaO_slab/6,Ca_036,0.181,0.319
CaO_slab/6,Ca_037,0.272,0.228
CaO_slab/6,Ca_038,0.272,0.228
CaO_slab/6,Ca_039,0.272,0.228
CaO_slab/6,Ca_040,0.272,0.228
CaO_slab/6,Ca_041,0.000,0.500
CaO_slab/6,Ca_042,0.000,0.500
CaO_slab/6,Ca_043,0.000,0.500
CaO_slab/6,Ca_044,0.000,0.500
CaO_slab/6,Ca_045,0.090,0.410
CaO_slab/6,Ca_046,0.090,0.410
CaO_slab/6,Ca_047,0.090,0.410
CaO_slab/6,Ca_048,0.090,0.410
CaO_slab/6,O_049,0.911,0.411
CaO_slab/6,O_050,0.911,0.411
CaO_slab/6,O_051,0.911,0.411
CaO_slab/6,O_052,0.911,0.411
CaO_slab/6,O_053,0.999,0.499
CaO_slab/6,O_054,0.999,0.499
CaO_slab/6,O_055,0.999,0.499
CaO_slab/6,O_056,0.999,0.499
CaO_slab/6,O_057,0.728,0.228
CaO_slab/6,O_058,0.728,0.228
CaO_slab/6,O_059,0.728,0.228
CaO_slab/6,O_060,0.728,0.228
CaO_slab/6,O_061,0.819,0.319
CaO_slab/6,O_062,0.819,0.319
CaO_slab/6,O_063,0.819,0.319
CaO_slab/6,O_064,0.819,0.319
CaO_slab/6,O_065,0.546,0.046
CaO_slab/6,O_066,0.546,0.046
CaO_slab/6,O_067,0.546,0.046
CaO_slab/6,O_068,0.546,0.046
CaO_slab/6,O_069,0.637,0.137
CaO_slab/6,O_070,0.637,0.137
CaO_slab/6,O_071,0.637,0.137
CaO_slab/6,O_072,0.637,0.137
CaO_slab/6,O_073,0.363,0.137
CaO_slab/6,O_074,0.363,0.137
CaO_slab/6,O_075,0.363,0.137
CaO_slab/6,O_076,0.363,0.137
CaO_slab/6,O_077,0.454,0.046
CaO_slab/6,O_078,0.454,0.046
CaO_slab/6,O_079,0.454,0.046
CaO_slab/6,O_080,0.454,0.046
CaO_slab/6,O_081,0.181,0.319
CaO_slab/6,O_082,0.181,0.319
CaO_slab/6,O_083,0.181,0.319
CaO_slab/6,O_084,0.181,0.319
CaO_slab/6,O_085,0.272,0.228
CaO_slab/6,O_086,0.272,0.228
CaO_slab/6,O_087,0.272,0.228
CaO_slab/6,O_088,0.272,0.228
CaO_slab/6,O_089,0.001,0.499
CaO_slab/6,O_090,0.001,0.499
CaO_slab/6,O_091,0.001,0.499
CaO_slab/6,O_092,0.001,0.499
CaO_slab/6,O_093,0.089,0.411
CaO_slab/6,O_094,0.089,0.411
CaO_slab/6,O_095,0.089,0.411
CaO_slab/6,O_096,0.089,0.411
CaO_slab/7,Ca_001,0.924,0.424
CaO_slab/7,Ca_002,0.924,0.424
CaO_slab/7,Ca_003,0.924,0.424
CaO_slab/7,Ca_004,0.924,0.424
CaO_slab/7,Ca_005,1.000,0.500
CaO_slab/7,Ca_006,1.000,0.500
CaO_slab/7,Ca_007,1.000,0.500
CaO_slab/7,Ca_008,1.000,0.500
CaO_slab/7,Ca_009,0.770,0.270
CaO_slab/7,Ca_010,0.770,0.270
CaO_slab/7,Ca_011,0.770,0.270
CaO_slab/7,Ca_012,0.770,0.270
CaO_slab/7,Ca_013,0.847,0.347
CaO_slab/7,Ca_014,0.847,0.347
CaO_slab/7,Ca_015,0.847,0.347
CaO_slab/7,Ca_016,0.847,0.347
CaO_slab/7,Ca_017,0.616,0.116
CaO_slab/7,Ca_018,0.616,0.116
CaO_slab/7,Ca_019,0.616,0.116
CaO_slab/7,Ca_020,0.616,0.116
CaO_slab/7,Ca_021,0.693,0.193
CaO_slab/7,Ca_022,0.693,0.193
CaO_slab/7,Ca_023,0.693,0.193
CaO_slab/7,Ca_024,0.693,0.193
CaO_slab/7,Ca_025,0.461,0.039
CaO_slab/7,Ca_026,0.461,0.039
CaO_slab/7,Ca_027,0.461,0.039
CaO_slab/7,Ca_028,0.461,0.039
CaO_slab/7,Ca_029,0.539,0.039
CaO_slab/7,Ca_030,0.539,0.039
CaO_slab/7,Ca_031,0.539,0.039
CaO_slab/7,Ca_032,0.539,0.039
CaO_slab/7,Ca_033,0.307,0.193
CaO_slab/7,Ca_034,0.307,0.193
CaO_slab/7,Ca_035,0.307,0.193
CaO_slab/7,Ca_036,0.307,0.193
CaO_slab/7,Ca_037,0.384,0.116
CaO_slab/7,Ca_038,0.384,0.116
CaO_slab/7,Ca_039,0.384,0.116
CaO_slab/7,Ca_040,0.384,0.116
CaO_slab/7,Ca_041,0.153,0.347
CaO_slab/7,Ca_042,0.153,0.347
CaO_slab/7,Ca_043,0.153,0.347
CaO_slab/7,Ca_044,0.153,0.347
CaO_slab/7,Ca_045,0.230,0.270
CaO_slab/7,Ca_046,0.230,0.270
CaO_slab/7,Ca_047,0.230,0.270
CaO_slab/7,Ca_048,0.230,0.270
CaO_slab/7,Ca_049,0.000,0.500
CaO_slab/7,Ca_050,0.000,0.500
CaO_slab/7,Ca_051,0.000,0.500
CaO_slab/7,Ca_052,0.000,0.500
CaO_slab/7,Ca_053,0.076,0.424
CaO_slab/7,Ca_054,0.076,0.424
CaO_slab/7,Ca_055,0.076,0.424
CaO_slab/7,Ca_056,0.076,0.424
CaO_slab/7,O_057,0.924,0.424
CaO_slab/7,O_058,0.924,0.424
CaO_slab/7,O_059,0.924,0.424
CaO_slab/7,O_060,0.924,0.424
CaO_slab/7,O_061,1.000,0.500
CaO_slab/7,O_062,1.000,0.500
CaO_slab/7,O_063,1.000,0.500
CaO_slab/7,O_064,1.000,0.500
CaO_slab/7,O_065,0.770,0.270
CaO_slab/7,O_066,0.770,0.270
CaO_slab/7,O_067,0.770,0.270
CaO_slab/7,O_068,0.770,0.270
CaO_slab/7,O_069,0.847,0.347
CaO_slab/7,O_070,0.847,0.347
CaO_slab/7,O_071,0.847,0.347
CaO_slab/7,O_072,0.847,0.347
CaO_slab/7,O_073,0.616,0.116
CaO_slab/7,O_074,0.616,0.116
CaO_slab/7,O_075,0.616,0.116
CaO_slab/7,O_076,0.616,0.116
CaO_slab/7,O_077,0.693,0.193
CaO_slab/7,O_078,0.693,0.193
CaO_slab/7,O_079,0.693,0.193
CaO_slab/7,O_080,0.693,0.193
CaO_slab/7,O_081,0.461,0.039
CaO_slab/7,O_082,0.461,0.039
CaO_slab/7,O_083,0.461,0.039
CaO_slab/7,O_084,0.461,0.039
CaO_slab/7,O_085,0.539,0.039
CaO_slab/7,O_086,0.539,0.039
CaO_slab/7,O_087,0.539,0.039
CaO_slab/7,O_088,0.539,0.039
CaO_slab/7,O_089,0.307,0.193
CaO_slab/7,O_090,0.307,0.193
CaO_slab/7,O_091,0.307,0.193
CaO_slab/7,O_092,0.307,0.193
CaO_slab/7,O_093,0.384,0.116
CaO_slab/7,O_094,0.384,0.116
CaO_slab/7,O_095,0.384,0.116
CaO_slab/7,O_096,0.384,0.116
CaO_slab/7,O_097,0.153,0.347
CaO_slab/7,O_098,0.153,0.347
CaO_slab/7,O_099,0.153,0.347
CaO_slab/7,O_100,0.153,0.347
CaO_slab/7,O_101,0.230,0.270
CaO_slab/7,O_102,0.230,0.270
CaO_slab/7,O_103,0.230,0.270
CaO_slab/7,O_104,0.230,0.270
CaO_slab/7,O_105,0.000,0.500
CaO_slab/7,O_106,0.000,0.500
CaO_slab/7,O_107,0.000,0.500
CaO_slab/7,O_108,0.000,0.500
CaO_slab/7,O_109,0.076,0.424
CaO_slab/7,O_110,0.076,0.424
CaO_slab/7,O_111,0.076,0.424
CaO_slab/7,O_112,0.076,0.424
CaO_slab/8,Ca_001,0.934,0.434
CaO_slab/8,Ca_002,0.934,0.434
CaO_slab/8,Ca_003,0.934,0.434
CaO_slab/8,Ca_004,0.934,0.434
CaO_slab/8,Ca_005,1.000,0.500
CaO_slab/8,Ca_006,1.000,0.500
CaO_slab/8,Ca_007,1.000,0.500
CaO_slab/8,Ca_008,1.000,0.500
CaO_slab/8,Ca_009,0.801,0.301
CaO_slab/8,Ca_010,0.801,0.301
CaO_slab/8,Ca_011,0.801,0.301
CaO_slab/8,Ca_012,0.801,0.301
CaO_slab/8,Ca_013,0.867,0.367
CaO_slab/8,Ca_014,0.867,0.367
CaO_slab/8,Ca_015,0.867,0.367
CaO_slab/8,Ca_016,0.867,0.367
CaO_slab/8,Ca_017,0.667,0.167
CaO_slab/8,Ca_018,0.667,0.167
CaO_slab/8,Ca_019,0.667,0.167
CaO_slab/8,Ca_020,0.667,0.167
CaO_slab/8,Ca_021,0.734,0.234
CaO_slab/8,Ca_022,0.734,0.234
CaO_slab/8,Ca_023,0.734,0.234
CaO_slab/8,Ca_024,0.734,0.234
CaO_slab/8,Ca_025,0.534,0.034
CaO_slab/8,Ca_026,0.534,0.034
CaO_slab/8,Ca_027,0.534,0.034
CaO_slab/8,Ca_028,0.534,0.034
CaO_slab/8,Ca_029,0.600,0.100
CaO_slab/8,Ca_030,0.600,0.100
CaO_slab/8,Ca_031,0.600,0.100
CaO_slab/8,Ca_032,0.600,0.100
CaO_slab/8,Ca_033,0.400,0.100
CaO_slab/8,Ca_034,0.400,0.100
CaO_slab/8,Ca_035,0.400,0.100
CaO_slab/8,Ca_036,0.400,0.100
CaO_slab/8,Ca_037,0.466,0.034
CaO_slab/8,Ca_038,0.466,0.034
CaO_slab/8,Ca_039,0.466,0.034
CaO_slab/8,Ca_040,0.466,0.034
CaO_slab/8,Ca_041,0.266,0.234
CaO_slab/8,Ca_042,0.266,0.234
CaO_slab/8,Ca_043,0.266,0.234
CaO_slab/8,Ca_044,0.266,0.234
CaO_slab/8,Ca_045,0.333,0.167
CaO_slab/8,Ca_046,0.333,0.167
CaO_slab/8,Ca_047,0.333,0.167
CaO_slab/8,Ca_048,0.333,0.167
CaO_slab/8,Ca_049,0.133,0.367
CaO_slab/8,Ca_050,0.133,0.367
CaO_slab/8,Ca_051,0.133,0.367
CaO_slab/8,Ca_052,0.133,0.367
CaO_slab/8,Ca_053,0.199,0.301
CaO_slab/8,Ca_054,0.199,0.301
CaO_slab/8,Ca_055,0.199,0.301
CaO_slab/8,Ca_056,0.199,0.301
CaO_slab/8,Ca_057,0.000,0.500
CaO_slab/8,Ca_058,0.000,0.500
CaO_slab/8,Ca_059,0.000,0.500
CaO_slab/8,Ca_060,0.000,0.500
CaO_slab/8,Ca_061,0.066,0.434
CaO_slab/8,Ca_062,0.066,0.434
CaO_slab/8,Ca_063,0.066,0.434
CaO_slab/8,Ca_064,0.066,0.434
CaO_slab/8,O_065,0.935,0.435
CaO_slab/8,O_066,0.935,0.435
CaO_slab/8,O_067,0.935,0.435
CaO_slab/8,O_068,0.935,0.435
CaO_slab/8,O_069,1.000,0.500
CaO_slab/8,O_070,1.000,0.500
CaO_slab/8,O_071,1.000,0.500
CaO_slab/8,O_072,1.000,0.500
CaO_slab/8,O_073,0.801,0.301
CaO_slab/8,O_074,0.801,0.301
CaO_slab/8,O_075,0.801,0.301
CaO_slab/8,O_076,0.801,0.301
CaO_slab/8,O_077,0.867,0.367
CaO_slab/8,O_078,0.867,0.367
CaO_slab/8,O_079,0.867,0.367
CaO_slab/8,O_080,0.867,0.367
CaO_slab/8,O_081,0.667,0.167
CaO_slab/8,O_082,0.667,0.167
CaO_slab/8,O_083,0.667,0.167
CaO_slab/8,O_084,0.667,0.167
CaO_slab/8,O_085,0.734,0.234
CaO_slab/8,O_086,0.734,0.234
CaO_slab/8,O_087,0.734,0.234
CaO_slab/8,O_088,0.734,0.234
CaO_slab/8,O_089,0.534,0.034
CaO_slab/8,O_090,0.534,0.034
CaO_slab/8,O_091,0.534,0.034
CaO_slab/8,O_092,0.534,0.034
CaO_slab/8,O_093,0.600,0.100
CaO_slab/8,O_094,0.600,0.100
CaO_slab/8,O_095,0.600,0.100
CaO_slab/8,O_096,0.600,0.100
CaO_slab/8,O_097,0.400,0.100
CaO_slab/8,O_098,0.400,0.100
CaO_slab/8,O_099,0.400,0.100
CaO_slab/8,O_100,0.400,0.100
CaO_slab/8,O_101,0.466,0.034
CaO_slab/8,O_102,0.466,0.034
CaO_slab/8,O_103,0.466,0.034
CaO_slab/8,O_104,0.466,0.034
CaO_slab/8,O_105,0.266,0.234
CaO_slab/8,O_106,0.266,0.234
CaO_slab/8,O_107,0.266,0.234
CaO_slab/8,O_108,0.266,0.234
CaO_slab/8,O_109,0.333,0.167
CaO_slab/8,O_110,0.333,0.167
CaO_slab/8,O_111,0.333,0.167
CaO_slab/8,O_112,0.333,0.167
CaO_slab/8,O_113,0.133,0.367
CaO_slab/8,O_114,0.133,0.367
CaO_slab/8,O_115,0.133,0.367
CaO_slab/8,O_116,0.133,0.367
CaO_slab/8,O_117,0.199,0.301
CaO_slab/8,O_118,0.199,0.301
CaO_slab/8,O_119,0.199,0.301
CaO_slab/8,O_120,0.199,0.301
CaO_slab/8,O_121,0.000,0.500
CaO_slab/8,O_122,0.000,0.500
CaO_slab/8,O_123,0.000,0.500
CaO_slab/8,O_124,0.000,0.500
CaO_slab/8,O_125,0.065,0.435
CaO_slab/8,O_126,0.065,0.435
CaO_slab/8,O_127,0.065,0.435
CaO_slab/8,O_128,0.065,0.435
Ca_slab/3,Ca_001,0.801,0.301
Ca_slab/3,Ca_002,0.801,0.301
Ca_slab/3,Ca_003,0.801,0.301
Ca_slab/3,Ca_004,0.801,0.301
Ca_slab/3,Ca_005,1.000,0.500
Ca_slab/3,Ca_006,1.000,0.500
Ca_slab/3,Ca_007,1.000,0.500
Ca_slab/3,Ca_008,1.000,0.500
Ca_slab/3,Ca_009,0.398,0.102
Ca_slab/3,Ca_010,0.398,0.102
Ca_slab/3,Ca_011,0.398,0.102
Ca_slab/3,Ca_012,0.398,0.102
Ca_slab/3,Ca_013,0.602,0.102
Ca_slab/3,Ca_014,0.602,0.102
Ca_slab/3,Ca_015,0.602,0.102
Ca_slab/3,Ca_016,0.602,0.102
Ca_slab/3,Ca_017,0.000,0.500
Ca_slab/3,Ca_018,0.000,0.500
Ca_slab/3,Ca_019,0.000,0.500
Ca_slab/3,Ca_020,0.000,0.500
Ca_slab/3,Ca_021,0.199,0.301
Ca_slab/3,Ca_022,0.199,0.301
Ca_slab/3,Ca_023,0.199,0.301
Ca_slab/3,Ca_024,0.199,0.301
Ca_slab/4,Ca_001,0.858,0.358
Ca_slab/4,Ca_002,0.858,0.358
Ca_slab/4,Ca_003,0.858,0.358
Ca_slab/4,Ca_004,0.858,0.358
Ca_slab/4,Ca_005,1.000,0.500
Ca_slab/4,Ca_006,1.000,0.500
Ca_slab/4,Ca_007,1.000,0.500
Ca_slab/4,Ca_008,1.000,0.500
Ca_slab/4,Ca_009,0.574,0.074
Ca_slab/4,Ca_010,0.574,0.074
Ca_slab/4,Ca_011,0.574,0.074
Ca_slab/4,Ca_012,0.574,0.074
Ca_slab/4,Ca_013,0.717,0.217
Ca_slab/4,Ca_014,0.717,0.217
Ca_slab/4,Ca_015,0.717,0.217
Ca_slab/4,Ca_016,0.717,0.217
Ca_slab/4,Ca_017,0.283,0.217
Ca_slab/4,Ca_018,0.283,0.217
Ca_slab/4,Ca_019,0.283,0.217
Ca_slab/4,Ca_020,0.283,0.217
Ca_slab/4,Ca_021,0.426,0.074
Ca_slab/4,Ca_022,0.426,0.074
Ca_slab/4,Ca_023,0.426,0.074
Ca_slab/4,Ca_024,0.426,0.074
Ca_slab/4,Ca_025,0.000,0.500
Ca_slab/4,Ca_026,0.000,0.500
Ca_slab/4,Ca_027,0.000,0.500
Ca_slab/4,Ca_028,0.000,0.500
Ca_slab/4,Ca_029,0.142,0.358
Ca_slab/4,Ca_030,0.142,0.358
Ca_slab/4,Ca_031,0.142,0.358
Ca_slab/4,Ca_032,0.142,0.358
Ca_slab/5,Ca_001,0.890,0.390
Ca_slab/5,Ca_002,0.890,0.390
Ca_slab/5,Ca_003,0.890,0.390
Ca_slab/5,Ca_004,0.890,0.390
Ca_slab/5,Ca_005,1.000,0.500
Ca_slab/5,Ca_006,1.000,0.500
Ca_slab/5,Ca_007,1.000,0.500
Ca_slab/5,Ca_008,1.000,0.500
Ca_slab/5,Ca_009,0.668,0.168
Ca_slab/5,Ca_010,0.668,0.168
Ca_slab/5,Ca_011,0.668,0.168
Ca_slab/5,Ca_012,0.668,0.168
Ca_slab/5,Ca_013,0.780,0.280
Ca_slab/5,Ca_014,0.780,0.280
Ca_slab/5,Ca_015,0.780,0.280
Ca_slab/5,Ca_016,0.780,0.280
Ca_slab/5,Ca_017,0.443,0.057
Ca_slab/5,Ca_018,0.443,0.057
Ca_slab/5,Ca_019,0.443,0.057
Ca_slab/5,Ca_020,0.443,0.057
Ca_slab/5,Ca_021,0.557,0.057
Ca_slab/5,Ca_022,0.557,0.057
Ca_slab/5,Ca_023,0.557,0.057
Ca_slab/5,Ca_024,0.557,0.057
Ca_slab/5,Ca_025,0.220,0.280
Ca_slab/5,Ca_026,0.220,0.280
Ca_slab/5,Ca_027,0.220,0.280
Ca_slab/5,Ca_028,0.220,0.280
Ca_slab/5,Ca_029,0.332,0.168
Ca_slab/5,Ca_030,0.332,0.168
Ca_slab/5,Ca_031,0.332,0.168
Ca_slab/5,Ca_032,0.332,0.168
Ca_slab/5,Ca_033,0.000,0.500
Ca_slab/5,Ca_034,0.000,0.500
Ca_slab/5,Ca_035,0.000,0.500
Ca_slab/5,Ca_036,0.000,0.500
Ca_slab/5,Ca_037,0.110,0.390
Ca_slab/5,Ca_038,0.110,0.390
Ca_slab/5,Ca_039,0.110,0.390
Ca_slab/5,Ca_040,0.110,0.390
Ca_slab/6,Ca_001,0.911,0.411
Ca_slab/6,Ca_002,0.911,0.411
Ca_slab/6,Ca_003,0.911,0.411
Ca_slab/6,Ca_004,0.911,0.411
Ca_slab/6,Ca_005,1.000,0.500
Ca_slab/6,Ca_006,1.000,0.500
Ca_slab/6,Ca_007,1.000,0.500
Ca_slab/6,Ca_008,1.000,0.500
Ca_slab/6,Ca_009,0.729,0.229
Ca_slab/6,Ca_010,0.729,0.229
Ca_slab/6,Ca_011,0.729,0.229
Ca_slab/6,Ca_012,0.729,0.229
Ca_slab/6,Ca_013,0.821,0.321
Ca_slab/6,Ca_014,0.821,0.321
Ca_slab/6,Ca_015,0.821,0.321
Ca_slab/6,Ca_016,0.821,0.321
Ca_slab/6,Ca_017,0.546,0.046
Ca_slab/6,Ca_018,0.546,0.046
Ca_slab/6,Ca_019,0.546,0.046
Ca_slab/6,Ca_020,0.546,0.046
Ca_slab/6,Ca_021,0.638,0.138
Ca_slab/6,Ca_022,0.638,0.138
Ca_slab/6,Ca_023,0.638,0.138
Ca_slab/6,Ca_024,0.638,0.138
Ca_slab/6,Ca_025,0.362,0.138
Ca_slab/6,Ca_026,0.362,0.138
Ca_slab/6,Ca_027,0.362,0.138
Ca_slab/6,Ca_028,0.362,0.138
Ca_slab/6,Ca_029,0.454,0.046
Ca_slab/6,Ca_030,0.454,0.046
Ca_slab/6,Ca_031,0.454,0.046
Ca_slab/6,Ca_032,0.454,0.046
Ca_slab/6,Ca_033,0.179,0.321
Ca_slab/6,Ca_034,0.179,0.321
Ca_slab/6,Ca_035,0.179,0.321
Ca_slab/6,Ca_036,0.179,0.321
Ca_slab/6,Ca_037,0.271,0.229
Ca_slab/6,Ca_038,0.271,0.229
Ca_slab/6,Ca_039,0.271,0.229
Ca_slab/6,Ca_040,0.271,0.229
Ca_slab/6,Ca_041,0.000,0.500
Ca_slab/6,Ca_042,0.000,0.500
Ca_slab/6,Ca_043,0.000,0.500
Ca_slab/6,Ca_044,0.000,0.500
Ca_slab/6,Ca_045,0.089,0.411
Ca_slab/6,Ca_046,0.089,0.411
Ca_slab/6,Ca_047,0.089,0.411
Ca_slab/6,Ca_048,0.089,0.411
Ca_slab/7,Ca_001,0.924,0.424
Ca_slab/7,Ca_002,0.924,0.424
Ca_slab/7,Ca_003,0.924,0.424
Ca_slab/7,Ca_004,0.924,0.424
Ca_slab/7,Ca_005,1.000,0.500
Ca_slab/7,Ca_006,1.000,0.500
Ca_slab/7,Ca_007,1.000,0.500
Ca_slab/7,Ca_008,1.000,0.500
Ca_slab/7,Ca_009,0.771,0.271
Ca_slab/7,Ca_010,0.771,0.271
Ca_slab/7,Ca_011,0.771,0.271
Ca_slab/7,Ca_012,0.771,0.271
Ca_slab/7,Ca_013,0.848,0.348
Ca_slab/7,Ca_014,0.848,0.348
Ca_slab/7,Ca_015,0.848,0.348
Ca_slab/7,Ca_016,0.848,0.348
Ca_slab/7,Ca_017,0.617,0.117
Ca_slab/7,Ca_018,0.617,0.117
Ca_slab/7,Ca_019,0.617,0.117
Ca_slab/7,Ca_020,0.617,0.117
Ca_slab/7,Ca_021,0.694,0.194
Ca_slab/7,Ca_022,0.694,0.194
Ca_slab/7,Ca_023,0.694,0.194
Ca_slab/7,Ca_024,0.694,0.194
Ca_slab/7,Ca_025,0.461,0.039
Ca_slab/7,Ca_026,0.461,0.039
Ca_slab/7,Ca_027,0.461,0.039
Ca_slab/7,Ca_028,0.461,0.039
Ca_slab/7,Ca_029,0.539,0.039
Ca_slab/7,Ca_030,0.539,0.039
Ca_slab/7,Ca_031,0.539,0.039
Ca_slab/7,Ca_032,0.539,0.039
Ca_slab/7,Ca_033,0.306,0.194
Ca_slab/7,Ca_034,0.306,0.194
Ca_slab/7,Ca_035,0.306,0.194
Ca_slab/7,Ca_036,0.306,0.194
Ca_slab/7,Ca_037,0.383,0.117
Ca_slab/7,Ca_038,0.383,0.117
Ca_slab/7,Ca_039,0.383,0.117
Ca_slab/7,Ca_040,0.383,0.117
Ca_slab/7,Ca_041,0.152,0.348
Ca_slab/7,Ca_042,0.152,0.348
Ca_slab/7,Ca_043,0.152,0.348
Ca_slab/7,Ca_044,0.152,0.348
Ca_slab/7,Ca_045,0.229,0.271
Ca_slab/7,Ca_046,0.229,0.271
Ca_slab/7,Ca_047,0.229,0.271
Ca_slab/7,Ca_048,0.229,0.271
Ca_slab/7,Ca_049,0.000,0.500
Ca_slab/7,Ca_050,0.000,0.500
Ca_slab/7,Ca_051,0.000,0.500
Ca_slab/7,Ca_052,0.000,0.500
Ca_slab/7,Ca_053,0.076,0.424
Ca_slab/7,Ca_054,0.076,0.424
Ca_slab/7,Ca_055,0.076,0.424
Ca_slab/7,Ca_056,0.076,0.424
Ca_slab/8,Ca_001,0.935,0.435
Ca_slab/8,Ca_002,0.935,0.435
Ca_slab/8,Ca_003,0.935,0.435
Ca_slab/8,Ca_004,0.935,0.435
Ca_slab/8,Ca_005,1.000,0.500
Ca_slab/8,Ca_006,1.000,0.500
Ca_slab/8,Ca_007,1.000,0.500
Ca_slab/8,Ca_008,1.000,0.500
Ca_slab/8,Ca_009,0.802,0.302
Ca_slab/8,Ca_010,0.802,0.302
Ca_slab/8,Ca_011,0.802,0.302
Ca_slab/8,Ca_012,0.802,0.302
Ca_slab/8,Ca_013,0.869,0.369
Ca_slab/8,Ca_014,0.869,0.369
Ca_slab/8,Ca_015,0.869,0.369
Ca_slab/8,Ca_016,0.869,0.369
Ca_slab/8,Ca_017,0.669,0.169
Ca_slab/8,Ca_018,0.669,0.169
Ca_slab/8,Ca_019,0.669,0.169
Ca_slab/8,Ca_020,0.669,0.169
Ca_slab/8,Ca_021,0.736,0.236
Ca_slab/8,Ca_022,0.736,0.236
Ca_slab/8,Ca_023,0.736,0.236
Ca_slab/8,Ca_024,0.736,0.236
Ca_slab/8,Ca_025,0.534,0.034
Ca_slab/8,Ca_026,0.534,0.034
Ca_slab/8,Ca_027,0.534,0.034
Ca_slab/8,Ca_028,0.534,0.034
Ca_slab/8,Ca_029,0.602,0.102
Ca_slab/8,Ca_030,0.602,0.102
Ca_slab/8,Ca_031,0.602,0.102
Ca_slab/8,Ca_032,0.602,0.102
Ca_slab/8,Ca_033,0.398,0.102
Ca_slab/8,Ca_034,0.398,0.102
Ca_slab/8,Ca_035,0.398,0.102
Ca_slab/8,Ca_036,0.398,0.102
Ca_slab/8,Ca_037,0.466,0.034
Ca_slab/8,Ca_038,0.466,0.034
Ca_slab/8,Ca_039,0.466,0.034
Ca_slab/8,Ca_040,0.466,0.034
Ca_slab/8,Ca_041,0.264,0.236
Ca_slab/8,Ca_042,0.264,0.236
Ca_slab/8,Ca_043,0.264,0.236
Ca_slab/8,Ca_044,0.264,0.236
Ca_slab/8,Ca_045,0.331,0.169
Ca_slab/8,Ca_046,0.331,0.169
Ca_slab/8,Ca_047,0.331,0.169
Ca_slab/8,Ca_048,0.331,0.169
Ca_slab/8,Ca_049,0.131,0.369
Ca_slab/8,Ca_050,0.131,0.369
Ca_slab/8,Ca_051,0.131,0.369
Ca_slab/8,Ca_052,0.131,0.369
Ca_slab/8,Ca_053,0.198,0.302
Ca_slab/8,Ca_054,0.198,0.302
Ca_slab/8,Ca_055,0.198,0.302
Ca_slab/8,Ca_056,0.198,0.302
Ca_slab/8,Ca_057,0.000,0.500
Ca_slab/8,Ca_058,0.000,0.500
Ca_slab/8,Ca_059,0.000,0.500
Ca_slab/8,Ca_060,0.000,0.500
Ca_slab/8,Ca_061,0.065,0.435
Ca_slab/8,Ca_062,0.065,0.435
Ca_slab/8,Ca_063,0.065,0.435
Ca_slab/8,Ca_064,0.065,0.435
