System,Atom,Value,N_Atoms,Atom_indices
Ca_C2H4,C,294.19,2,C_056;C_058
Ca_C2H4,C,294.20,2,C_055;C_057
Ca_C2H4,Ca,429.20,4,Ca_007;Ca_009;Ca_051;Ca_053
Ca_C2H4,Ca,429.21,12,Ca_001;Ca_002;Ca_003;Ca_004;Ca_005;Ca_008;Ca_046;Ca_047;Ca_049;Ca_050;Ca_052;Ca_054
Ca_C2H4,Ca,429.22,2,Ca_006;Ca_048
Ca_C2H4,Ca,429.25,6,Ca_019;Ca_021;Ca_026;Ca_030;Ca_031;Ca_033
Ca_C2H4,Ca,429.26,7,Ca_020;Ca_022;Ca_023;Ca_028;Ca_029;Ca_032;Ca_034
Ca_C2H4,Ca,429.27,5,Ca_024;Ca_025;Ca_027;Ca_035;Ca_036
Ca_C2H4,Ca,429.48,2,Ca_018;Ca_045
Ca_C2H4,Ca,429.65,2,Ca_016;Ca_044
Ca_C2H4,Ca,429.66,10,Ca_010;Ca_011;Ca_012;Ca_013;Ca_014;Ca_015;Ca_017;Ca_038;Ca_041;Ca_043
Ca_C2H4,Ca,429.67,3,Ca_037;Ca_040;Ca_042
Ca_C2H4,Ca,429.68,1,Ca_039
CaH2_C2H4,C,294.08,1,C_155
CaH2_C2H4,C,294.13,1,C_156
CaH2_C2H4,C,294.16,1,C_154
CaH2_C2H4,C,294.18,1,C_153
CaH2_C2H4,Ca,428.85,1,Ca_002
CaH2_C2H4,Ca,428.92,1,Ca_046
CaH2_C2H4,Ca,428.97,1,Ca_011
CaH2_C2H4,Ca,428.98,2,Ca_003;Ca_047
CaH2_C2H4,Ca,428.99,5,Ca_009;Ca_037;Ca_039;Ca_040;Ca_045
CaH2_C2H4,Ca,429.00,5,Ca_001;Ca_004;Ca_012;Ca_014;Ca_021
CaH2_C2H4,Ca,429.01,12,Ca_010;Ca_019;Ca_020;Ca_023;Ca_024;Ca_026;Ca_027;Ca_028;Ca_029;Ca_031;Ca_038;Ca_048
CaH2_C2H4,Ca,429.02,4,Ca_017;Ca_018;Ca_025;Ca_032
CaH2_C2H4,Ca,429.03,5,Ca_008;Ca_013;Ca_022;Ca_033;Ca_041
CaH2_C2H4,Ca,429.04,7,Ca_005;Ca_007;Ca_015;Ca_030;Ca_034;Ca_042;Ca_044
CaH2_C2H4,Ca,429.05,4,Ca_006;Ca_035;Ca_036;Ca_043
CaH2_C2H4,Ca,429.06,1,Ca_016
CaO_C2H4,C,293.90,2,C_109;C_111
CaO_C2H4,C,293.92,2,C_110;C_112
CaO_C2H4,Ca,428.53,2,Ca_009;Ca_054
CaO_C2H4,Ca,428.55,4,Ca_003;Ca_007;Ca_051;Ca_053
CaO_C2H4,Ca,428.56,2,Ca_001;Ca_050
CaO_C2H4,Ca,428.58,4,Ca_002;Ca_005;Ca_008;Ca_049
CaO_C2H4,Ca,428.59,6,Ca_004;Ca_006;Ca_046;Ca_047;Ca_048;Ca_052
CaO_C2H4,Ca,428.63,2,Ca_018;Ca_045
CaO_C2H4,Ca,428.64,2,Ca_027;Ca_036
CaO_C2H4,Ca,428.65,6,Ca_019;Ca_021;Ca_025;Ca_032;Ca_033;Ca_035
CaO_C2H4,Ca,428.66,10,Ca_020;Ca_022;Ca_023;Ca_024;Ca_026;Ca_028;Ca_029;Ca_030;Ca_031;Ca_034
CaO_C2H4,Ca,428.91,4,Ca_013;Ca_014;Ca_037;Ca_038
CaO_C2H4,Ca,428.92,8,Ca_010;Ca_011;Ca_012;Ca_015;Ca_039;Ca_040;Ca_041;Ca_042
CaO_C2H4,Ca,428.93,2,Ca_016;Ca_044
CaO_C2H4,Ca,428.96,2,Ca_017;Ca_043
CaO_C2H4,O,541.62,4,O_066;O_072;O_096;O_099
CaO_C2H4,O,541.64,6,O_064;O_068;O_070;O_091;O_095;O_098
CaO_C2H4,O,541.65,8,O_065;O_067;O_069;O_071;O_092;O_093;O_094;O_097
CaO_C2H4,O,542.24,2,O_063;O_108
CaO_C2H4,O,542.28,16,O_055;O_056;O_057;O_058;O_059;O_060;O_061;O_062;O_100;O_101;O_102;O_103;O_104;O_105;O_106;O_107
CaO_C2H4,O,542.34,4,O_080;O_081;O_088;O_090
CaO_C2H4,O,542.35,6,O_076;O_077;O_078;O_082;O_083;O_084
CaO_C2H4,O,542.36,8,O_073;O_074;O_075;O_079;O_085;O_086;O_087;O_089
CaO_OH2_C2H4,C,293.80,1,C_173
CaO_OH2_C2H4,C,293.87,3,C_171;C_172;C_174
CaO_OH2_C2H4,Ca,428.49,10,Ca_027;Ca_028;Ca_029;Ca_030;Ca_031;Ca_032;Ca_033;Ca_034;Ca_035;Ca_036
CaO_OH2_C2H4,Ca,428.50,8,Ca_019;Ca_020;Ca_021;Ca_022;Ca_023;Ca_024;Ca_025;Ca_026
CaO_OH2_C2H4,Ca,428.58,1,Ca_003
CaO_OH2_C2H4,Ca,428.59,6,Ca_002;Ca_005;Ca_006;Ca_008;Ca_009;Ca_053
CaO_OH2_C2H4,Ca,428.60,11,Ca_001;Ca_004;Ca_007;Ca_046;Ca_047;Ca_048;Ca_049;Ca_050;Ca_051;Ca_052;Ca_054
CaO_OH2_C2H4,Ca,428.94,1,Ca_014
CaO_OH2_C2H4,Ca,428.95,1,Ca_039
CaO_OH2_C2H4,Ca,428.96,9,Ca_011;Ca_016;Ca_037;Ca_040;Ca_041;Ca_042;Ca_043;Ca_044;Ca_045
CaO_OH2_C2H4,Ca,428.97,5,Ca_010;Ca_015;Ca_017;Ca_018;Ca_038
CaO_OH2_C2H4,Ca,428.98,2,Ca_012;Ca_013
CaO_OH2_C2H4,O,542.30,2,O_105;O_108
CaO_OH2_C2H4,O,542.31,4,O_056;O_062;O_103;O_107
CaO_OH2_C2H4,O,542.32,9,O_055;O_057;O_058;O_060;O_061;O_063;O_102;O_104;O_106
CaO_OH2_C2H4,O,542.33,3,O_059;O_100;O_101
CaO_OH2_C2H4,O,542.49,9,O_082;O_083;O_084;O_085;O_086;O_087;O_088;O_089;O_090
CaO_OH2_C2H4,O,542.50,3,O_079;O_080;O_081
CaO_OH2_C2H4,O,542.51,5,O_073;O_074;O_075;O_076;O_078
CaO_OH2_C2H4,O,542.52,1,O_077
CaO_OH2_C2H4,O,543.96,1,O_113
CaO_OH2_C2H4,O,544.00,1,O_117
CaO_OH2_C2H4,O,544.01,1,O_123
CaO_OH2_C2H4,O,544.02,2,O_110;O_120
CaO_OH2_C2H4,O,544.03,2,O_109;O_111
CaO_OH2_C2H4,O,544.05,4,O_114;O_115;O_119;O_125
CaO_OH2_C2H4,O,544.06,4,O_116;O_121;O_122;O_124
CaO_OH2_C2H4,O,544.07,3,O_112;O_118;O_126
CaO_OH2_C2H4,O,544.08,1,O_066
CaO_OH2_C2H4,O,544.09,1,O_068
CaO_OH2_C2H4,O,544.10,3,O_065;O_071;O_098
CaO_OH2_C2H4,O,544.11,3,O_067;O_072;O_095
CaO_OH2_C2H4,O,544.12,1,O_064
CaO_OH2_C2H4,O,544.13,2,O_069;O_070
CaO_OH2_C2H4,O,544.15,1,O_096
CaO_OH2_C2H4,O,544.16,4,O_093;O_094;O_097;O_099
CaO_OH2_C2H4,O,544.17,2,O_091;O_092
Ca_C2H4O,C,294.13,2,C_056;C_058
Ca_C2H4O,C,295.36,2,C_055;C_057
Ca_C2H4O,Ca,429.08,2,Ca_002;Ca_049
Ca_C2H4O,Ca,429.09,4,Ca_003;Ca_046;Ca_050;Ca_051
Ca_C2H4O,Ca,429.10,4,Ca_001;Ca_005;Ca_008;Ca_052
Ca_C2H4O,Ca,429.12,3,Ca_006;Ca_047;Ca_048
Ca_C2H4O,Ca,429.13,4,Ca_004;Ca_007;Ca_009;Ca_053
Ca_C2H4O,Ca,429.14,1,Ca_054
Ca_C2H4O,Ca,429.15,2,Ca_023;Ca_034
Ca_C2H4O,Ca,429.16,9,Ca_022;Ca_024;Ca_025;Ca_026;Ca_027;Ca_028;Ca_029;Ca_035;Ca_036
Ca_C2H4O,Ca,429.17,3,Ca_020;Ca_021;Ca_030
Ca_C2H4O,Ca,429.18,4,Ca_019;Ca_031;Ca_032;Ca_033
Ca_C2H4O,Ca,429.40,2,Ca_012;Ca_042
Ca_C2H4O,Ca,429.44,2,Ca_018;Ca_045
Ca_C2H4O,Ca,429.54,1,Ca_040
Ca_C2H4O,Ca,429.55,3,Ca_014;Ca_017;Ca_043
Ca_C2H4O,Ca,429.56,6,Ca_010;Ca_011;Ca_016;Ca_038;Ca_041;Ca_044
Ca_C2H4O,Ca,429.57,2,Ca_013;Ca_037
Ca_C2H4O,Ca,429.62,2,Ca_015;Ca_039
Ca_C2H4O,O,544.38,2,O_067;O_068
CaH2_C2H4O,C,295.55,2,C_153;C_155
CaH2_C2H4O,C,296.48,1,C_154
CaH2_C2H4O,C,296.49,1,C_156
CaH2_C2H4O,Ca,429.18,1,Ca_024
CaH2_C2H4O,Ca,429.19,1,Ca_026
CaH2_C2H4O,Ca,429.21,1,Ca_022
CaH2_C2H4O,Ca,429.22,9,Ca_006;Ca_013;Ca_014;Ca_018;Ca_020;Ca_028;Ca_030;Ca_034;Ca_043
CaH2_C2H4O,Ca,429.23,4,Ca_008;Ca_027;Ca_032;Ca_033
CaH2_C2H4O,Ca,429.24,2,Ca_025;Ca_041
CaH2_C2H4O,Ca,429.25,4,Ca_017;Ca_021;Ca_023;Ca_029
CaH2_C2H4O,Ca,429.27,2,Ca_019;Ca_031
CaH2_C2H4O,Ca,429.31,3,Ca_005;Ca_042;Ca_044
CaH2_C2H4O,Ca,429.32,4,Ca_007;Ca_016;Ca_035;Ca_036
CaH2_C2H4O,Ca,429.33,3,Ca_002;Ca_015;Ca_046
CaH2_C2H4O,Ca,429.45,2,Ca_009;Ca_039
CaH2_C2H4O,Ca,429.48,4,Ca_003;Ca_010;Ca_040;Ca_047
CaH2_C2H4O,Ca,429.49,4,Ca_001;Ca_011;Ca_037;Ca_045
CaH2_C2H4O,Ca,429.50,2,Ca_004;Ca_048
CaH2_C2H4O,Ca,429.52,2,Ca_012;Ca_038
CaH2_C2H4O,O,544.50,2,O_157;O_158
CaO_C2H4O,C,295.21,2,C_111;C_113
CaO_C2H4O,C,296.03,2,C_112;C_114
CaO_C2H4O,Ca,428.50,2,Ca_009;Ca_054
CaO_C2H4O,Ca,428.51,2,Ca_007;Ca_053
CaO_C2H4O,Ca,428.55,4,Ca_001;Ca_003;Ca_050;Ca_051
CaO_C2H4O,Ca,428.58,6,Ca_002;Ca_004;Ca_006;Ca_047;Ca_048;Ca_049
CaO_C2H4O,Ca,428.59,2,Ca_005;Ca_046
CaO_C2H4O,Ca,428.60,2,Ca_008;Ca_052
CaO_C2H4O,Ca,428.77,2,Ca_018;Ca_045
CaO_C2H4O,Ca,428.80,2,Ca_027;Ca_036
CaO_C2H4O,Ca,428.82,6,Ca_019;Ca_021;Ca_024;Ca_030;Ca_032;Ca_033
CaO_C2H4O,Ca,428.83,10,Ca_020;Ca_022;Ca_023;Ca_025;Ca_026;Ca_028;Ca_029;Ca_031;Ca_034;Ca_035
CaO_C2H4O,Ca,428.84,2,Ca_012;Ca_042
CaO_C2H4O,Ca,429.00,4,Ca_010;Ca_011;Ca_040;Ca_041
CaO_C2H4O,Ca,429.03,4,Ca_016;Ca_017;Ca_043;Ca_044
CaO_C2H4O,Ca,429.05,4,Ca_013;Ca_014;Ca_037;Ca_038
CaO_C2H4O,Ca,429.07,2,Ca_015;Ca_039
CaO_C2H4O,O,541.45,4,O_064;O_066;O_095;O_096
CaO_C2H4O,O,541.55,4,O_070;O_072;O_098;O_099
CaO_C2H4O,O,541.68,6,O_065;O_067;O_069;O_092;O_093;O_094
CaO_C2H4O,O,541.72,4,O_068;O_071;O_091;O_097
CaO_C2H4O,O,541.99,2,O_063;O_108
CaO_C2H4O,O,542.09,2,O_060;O_102
CaO_C2H4O,O,542.10,4,O_061;O_062;O_106;O_107
CaO_C2H4O,O,542.11,6,O_055;O_056;O_057;O_103;O_104;O_105
CaO_C2H4O,O,542.12,4,O_058;O_059;O_100;O_101
CaO_C2H4O,O,542.16,7,O_077;O_078;O_080;O_081;O_082;O_084;O_090
CaO_C2H4O,O,542.17,1,O_088
CaO_C2H4O,O,542.18,8,O_074;O_075;O_076;O_079;O_083;O_085;O_087;O_089
CaO_C2H4O,O,542.19,2,O_073;O_086
CaO_C2H4O,O,543.99,2,O_109;O_110
CaO_OH2_C2H4O,C,295.27,1,C_173
CaO_OH2_C2H4O,C,295.37,1,C_175
CaO_OH2_C2H4O,C,295.97,1,C_174
CaO_OH2_C2H4O,C,296.13,1,C_176
CaO_OH2_C2H4O,Ca,428.96,1,Ca_050
CaO_OH2_C2H4O,Ca,428.97,3,Ca_021;Ca_023;Ca_024
CaO_OH2_C2H4O,Ca,428.98,6,Ca_019;Ca_020;Ca_022;Ca_026;Ca_029;Ca_030
CaO_OH2_C2H4O,Ca,428.99,9,Ca_025;Ca_027;Ca_028;Ca_031;Ca_032;Ca_033;Ca_034;Ca_035;Ca_036
CaO_OH2_C2H4O,Ca,429.01,2,Ca_003;Ca_009
CaO_OH2_C2H4O,Ca,429.03,7,Ca_001;Ca_002;Ca_004;Ca_005;Ca_007;Ca_049;Ca_052
CaO_OH2_C2H4O,Ca,429.04,5,Ca_008;Ca_046;Ca_048;Ca_051;Ca_054
CaO_OH2_C2H4O,Ca,429.05,2,Ca_047;Ca_053
CaO_OH2_C2H4O,Ca,429.07,1,Ca_006
CaO_OH2_C2H4O,Ca,429.49,2,Ca_014;Ca_042
CaO_OH2_C2H4O,Ca,429.50,4,Ca_011;Ca_012;Ca_015;Ca_041
CaO_OH2_C2H4O,Ca,429.51,3,Ca_010;Ca_038;Ca_043
CaO_OH2_C2H4O,Ca,429.52,3,Ca_013;Ca_016;Ca_040
CaO_OH2_C2H4O,Ca,429.53,4,Ca_037;Ca_039;Ca_044;Ca_045
CaO_OH2_C2H4O,Ca,429.54,2,Ca_017;Ca_018
CaO_OH2_C2H4O,O,542.58,2,O_104;O_105
CaO_OH2_C2H4O,O,542.59,1,O_102
CaO_OH2_C2H4O,O,542.60,1,O_101
CaO_OH2_C2H4O,O,542.61,5,O_056;O_057;O_062;O_103;O_107
CaO_OH2_C2H4O,O,542.62,4,O_061;O_063;O_100;O_108
CaO_OH2_C2H4O,O,542.63,5,O_055;O_058;O_059;O_060;O_106
CaO_OH2_C2H4O,O,542.78,5,O_076;O_077;O_078;O_079;O_080
CaO_OH2_C2H4O,O,542.79,4,O_073;O_074;O_075;O_081
CaO_OH2_C2H4O,O,542.80,4,O_085;O_086;O_087;O_090
CaO_OH2_C2H4O,O,542.81,5,O_082;O_083;O_084;O_088;O_089
CaO_OH2_C2H4O,O,543.77,1,O_123
CaO_OH2_C2H4O,O,543.83,1,O_127
CaO_OH2_C2H4O,O,543.90,1,O_128
CaO_OH2_C2H4O,O,543.99,1,O_113
CaO_OH2_C2H4O,O,544.12,1,O_095
CaO_OH2_C2H4O,O,544.19,1,O_116
CaO_OH2_C2H4O,O,544.31,1,O_120
CaO_OH2_C2H4O,O,544.33,2,O_111;O_117
CaO_OH2_C2H4O,O,544.34,1,O_125
CaO_OH2_C2H4O,O,544.36,4,O_066;O_114;O_115;O_124
CaO_OH2_C2H4O,O,544.37,1,O_109
CaO_OH2_C2H4O,O,544.38,2,O_071;O_119
CaO_OH2_C2H4O,O,544.39,2,O_112;O_118
CaO_OH2_C2H4O,O,544.40,4,O_067;O_070;O_110;O_121
CaO_OH2_C2H4O,O,544.41,5,O_068;O_094;O_097;O_122;O_126
CaO_OH2_C2H4O,O,544.42,1,O_091
CaO_OH2_C2H4O,O,544.43,4,O_064;O_065;O_069;O_096
CaO_OH2_C2H4O,O,544.44,2,O_093;O_099
CaO_OH2_C2H4O,O,544.45,1,O_092
CaO_OH2_C2H4O,O,544.49,1,O_098
CaO_OH2_C2H4O,O,544.56,1,O_072
Ca_C2H6,C,295.58,2,C_055;C_057
Ca_C2H6,C,295.65,2,C_056;C_058
Ca_C2H6,Ca,429.01,1,Ca_054
Ca_C2H6,Ca,429.03,1,Ca_004
Ca_C2H6,Ca,429.04,1,Ca_046
Ca_C2H6,Ca,429.05,1,Ca_001
Ca_C2H6,Ca,429.06,1,Ca_007
Ca_C2H6,Ca,429.08,3,Ca_002;Ca_005;Ca_047
Ca_C2H6,Ca,429.09,2,Ca_049;Ca_053
Ca_C2H6,Ca,429.10,3,Ca_050;Ca_051;Ca_052
Ca_C2H6,Ca,429.11,1,Ca_048
Ca_C2H6,Ca,429.12,2,Ca_006;Ca_009
Ca_C2H6,Ca,429.13,1,Ca_008
Ca_C2H6,Ca,429.16,13,Ca_003;Ca_019;Ca_020;Ca_022;Ca_024;Ca_025;Ca_026;Ca_029;Ca_030;Ca_032;Ca_033;Ca_034;Ca_036
Ca_C2H6,Ca,429.17,1,Ca_031
Ca_C2H6,Ca,429.19,2,Ca_021;Ca_028
Ca_C2H6,Ca,429.20,2,Ca_023;Ca_035
Ca_C2H6,Ca,429.22,1,Ca_027
Ca_C2H6,Ca,429.50,2,Ca_037;Ca_044
Ca_C2H6,Ca,429.51,1,Ca_038
Ca_C2H6,Ca,429.52,1,Ca_040
Ca_C2H6,Ca,429.53,1,Ca_018
Ca_C2H6,Ca,429.54,2,Ca_017;Ca_045
Ca_C2H6,Ca,429.55,3,Ca_015;Ca_016;Ca_039
Ca_C2H6,Ca,429.56,7,Ca_010;Ca_011;Ca_012;Ca_014;Ca_041;Ca_042;Ca_043
Ca_C2H6,Ca,429.57,1,Ca_013
CaH2_C2H6,C,295.40,1,C_159
CaH2_C2H6,C,295.46,1,C_157
CaH2_C2H6,C,295.56,1,C_160
CaH2_C2H6,C,295.59,1,C_158
CaH2_C2H6,Ca,428.60,1,Ca_002
CaH2_C2H6,Ca,428.62,1,Ca_012
CaH2_C2H6,Ca,428.63,6,Ca_003;Ca_004;Ca_010;Ca_038;Ca_040;Ca_046
CaH2_C2H6,Ca,428.64,8,Ca_001;Ca_009;Ca_011;Ca_021;Ca_037;Ca_039;Ca_047;Ca_048
CaH2_C2H6,Ca,428.65,14,Ca_017;Ca_019;Ca_020;Ca_022;Ca_023;Ca_024;Ca_025;Ca_026;Ca_027;Ca_028;Ca_029;Ca_031;Ca_032;Ca_045
CaH2_C2H6,Ca,428.66,3,Ca_008;Ca_018;Ca_030
CaH2_C2H6,Ca,428.67,1,Ca_014
CaH2_C2H6,Ca,428.68,3,Ca_006;Ca_033;Ca_041
CaH2_C2H6,Ca,428.69,6,Ca_007;Ca_013;Ca_016;Ca_034;Ca_043;Ca_044
CaH2_C2H6,Ca,428.70,5,Ca_005;Ca_015;Ca_035;Ca_036;Ca_042
CaO_C2H6,C,295.44,2,C_109;C_111
CaO_C2H6,C,295.51,1,C_110
CaO_C2H6,C,295.52,1,C_112
CaO_C2H6,Ca,428.50,2,Ca_007;Ca_053
CaO_C2H6,Ca,428.51,6,Ca_001;Ca_003;Ca_009;Ca_050;Ca_051;Ca_054
CaO_C2H6,Ca,428.52,10,Ca_002;Ca_004;Ca_005;Ca_006;Ca_008;Ca_046;Ca_047;Ca_048;Ca_049;Ca_052
CaO_C2H6,Ca,428.57,13,Ca_019;Ca_020;Ca_021;Ca_022;Ca_025;Ca_026;Ca_027;Ca_031;Ca_032;Ca_033;Ca_034;Ca_035;Ca_036
CaO_C2H6,Ca,428.58,5,Ca_023;Ca_024;Ca_028;Ca_029;Ca_030
CaO_C2H6,Ca,428.83,2,Ca_013;Ca_038
CaO_C2H6,Ca,428.85,4,Ca_011;Ca_017;Ca_040;Ca_043
CaO_C2H6,Ca,428.86,6,Ca_010;Ca_014;Ca_016;Ca_037;Ca_041;Ca_044
CaO_C2H6,Ca,428.88,2,Ca_012;Ca_042
CaO_C2H6,Ca,428.98,2,Ca_015;Ca_039
CaO_C2H6,Ca,429.03,2,Ca_018;Ca_045
CaO_C2H6,O,541.57,6,O_065;O_068;O_071;O_091;O_094;O_097
CaO_C2H6,O,541.59,3,O_067;O_069;O_092
CaO_C2H6,O,541.60,1,O_093
CaO_C2H6,O,541.61,2,O_066;O_096
CaO_C2H6,O,541.62,2,O_064;O_095
CaO_C2H6,O,541.63,2,O_070;O_098
CaO_C2H6,O,541.64,2,O_072;O_099
CaO_C2H6,O,542.24,16,O_055;O_056;O_057;O_058;O_059;O_060;O_061;O_062;O_100;O_101;O_102;O_103;O_104;O_105;O_106;O_107
CaO_C2H6,O,542.25,2,O_063;O_108
CaO_C2H6,O,542.31,18,O_073;O_074;O_075;O_076;O_077;O_078;O_079;O_080;O_081;O_082;O_083;O_084;O_085;O_086;O_087;O_088;O_089;O_090
CaO_OH2_C2H6,C,295.52,1,C_175
CaO_OH2_C2H6,C,295.53,1,C_177
CaO_OH2_C2H6,C,295.56,1,C_176
CaO_OH2_C2H6,C,295.57,1,C_178
CaO_OH2_C2H6,Ca,428.45,18,Ca_019;Ca_020;Ca_021;Ca_022;Ca_023;Ca_024;Ca_025;Ca_026;Ca_027;Ca_028;Ca_029;Ca_030;Ca_031;Ca_032;Ca_033;Ca_034;Ca_035;Ca_036
CaO_OH2_C2H6,Ca,428.53,1,Ca_006
CaO_OH2_C2H6,Ca,428.55,9,Ca_001;Ca_002;Ca_003;Ca_004;Ca_005;Ca_007;Ca_008;Ca_009;Ca_053
CaO_OH2_C2H6,Ca,428.56,8,Ca_046;Ca_047;Ca_048;Ca_049;Ca_050;Ca_051;Ca_052;Ca_054
CaO_OH2_C2H6,Ca,428.89,1,Ca_014
CaO_OH2_C2H6,Ca,428.90,1,Ca_015
CaO_OH2_C2H6,Ca,428.91,5,Ca_010;Ca_011;Ca_012;Ca_017;Ca_018
CaO_OH2_C2H6,Ca,428.92,6,Ca_013;Ca_016;Ca_038;Ca_039;Ca_041;Ca_042
CaO_OH2_C2H6,Ca,428.93,3,Ca_043;Ca_044;Ca_045
CaO_OH2_C2H6,Ca,428.94,2,Ca_037;Ca_040
CaO_OH2_C2H6,O,542.29,5,O_101;O_104;O_105;O_107;O_108
CaO_OH2_C2H6,O,542.30,6,O_062;O_063;O_100;O_102;O_103;O_106
CaO_OH2_C2H6,O,542.31,7,O_055;O_056;O_057;O_058;O_059;O_060;O_061
CaO_OH2_C2H6,O,542.45,10,O_073;O_074;O_075;O_076;O_077;O_078;O_079;O_080;O_081;O_082
CaO_OH2_C2H6,O,542.46,8,O_083;O_084;O_085;O_086;O_087;O_088;O_089;O_090
CaO_OH2_C2H6,O,543.99,1,O_126
CaO_OH2_C2H6,O,544.00,5,O_118;O_119;O_122;O_124;O_125
CaO_OH2_C2H6,O,544.01,1,O_110
CaO_OH2_C2H6,O,544.02,5,O_109;O_111;O_114;O_117;O_121
CaO_OH2_C2H6,O,544.03,2,O_072;O_098
CaO_OH2_C2H6,O,544.04,1,O_115
CaO_OH2_C2H6,O,544.06,3,O_095;O_112;O_120
CaO_OH2_C2H6,O,544.08,1,O_092
CaO_OH2_C2H6,O,544.09,7,O_091;O_093;O_094;O_096;O_097;O_099;O_123
CaO_OH2_C2H6,O,544.10,1,O_116
CaO_OH2_C2H6,O,544.11,7,O_064;O_065;O_066;O_068;O_069;O_070;O_071
CaO_OH2_C2H6,O,544.12,2,O_067;O_113
Ca_C3H6,C,294.37,2,C_068;C_071
Ca_C3H6,C,294.49,2,C_069;C_072
Ca_C3H6,C,295.64,2,C_067;C_070
Ca_C3H6,Ca,429.04,2,Ca_003;Ca_051
Ca_C3H6,Ca,429.05,13,Ca_002;Ca_004;Ca_006;Ca_007;Ca_008;Ca_009;Ca_047;Ca_048;Ca_049;Ca_050;Ca_052;Ca_053;Ca_054
Ca_C3H6,Ca,429.06,3,Ca_001;Ca_005;Ca_046
Ca_C3H6,Ca,429.11,1,Ca_036
Ca_C3H6,Ca,429.12,17,Ca_019;Ca_020;Ca_021;Ca_022;Ca_023;Ca_024;Ca_025;Ca_026;Ca_027;Ca_028;Ca_029;Ca_030;Ca_031;Ca_032;Ca_033;Ca_034;Ca_035
Ca_C3H6,Ca,429.44,2,Ca_018;Ca_045
Ca_C3H6,Ca,429.48,1,Ca_017
Ca_C3H6,Ca,429.49,2,Ca_015;Ca_039
Ca_C3H6,Ca,429.50,4,Ca_012;Ca_016;Ca_042;Ca_043
Ca_C3H6,Ca,429.51,4,Ca_011;Ca_014;Ca_041;Ca_044
Ca_C3H6,Ca,429.52,5,Ca_010;Ca_013;Ca_037;Ca_038;Ca_040
CaH2_C3H6,C,293.88,1,C_158
CaH2_C3H6,C,294.00,1,C_161
CaH2_C3H6,C,294.29,1,C_162
CaH2_C3H6,C,294.31,1,C_159
CaH2_C3H6,C,295.47,1,C_160
CaH2_C3H6,C,295.49,1,C_157
CaH2_C3H6,Ca,428.77,4,Ca_002;Ca_003;Ca_010;Ca_011
CaH2_C3H6,Ca,428.78,2,Ca_009;Ca_038
CaH2_C3H6,Ca,428.79,4,Ca_001;Ca_037;Ca_040;Ca_047
CaH2_C3H6,Ca,428.80,1,Ca_048
CaH2_C3H6,Ca,428.81,3,Ca_004;Ca_039;Ca_045
CaH2_C3H6,Ca,428.82,1,Ca_012
CaH2_C3H6,Ca,428.83,2,Ca_033;Ca_046
CaH2_C3H6,Ca,428.84,2,Ca_021;Ca_024
CaH2_C3H6,Ca,428.85,7,Ca_013;Ca_017;Ca_019;Ca_022;Ca_026;Ca_027;Ca_031
CaH2_C3H6,Ca,428.86,6,Ca_020;Ca_023;Ca_025;Ca_028;Ca_029;Ca_032
CaH2_C3H6,Ca,428.87,1,Ca_007
CaH2_C3H6,Ca,428.88,9,Ca_005;Ca_006;Ca_008;Ca_014;Ca_018;Ca_030;Ca_034;Ca_041;Ca_043
CaH2_C3H6,Ca,428.89,1,Ca_044
CaH2_C3H6,Ca,428.90,3,Ca_015;Ca_016;Ca_042
CaH2_C3H6,Ca,428.91,2,Ca_035;Ca_036
CaO_C3H6,C,293.73,2,C_122;C_125
CaO_C3H6,C,294.08,2,C_123;C_126
CaO_C3H6,C,295.40,2,C_121;C_124
CaO_C3H6,Ca,428.50,2,Ca_009;Ca_054
CaO_C3H6,Ca,428.52,4,Ca_001;Ca_003;Ca_050;Ca_051
CaO_C3H6,Ca,428.53,2,Ca_007;Ca_053
CaO_C3H6,Ca,428.55,6,Ca_004;Ca_005;Ca_006;Ca_046;Ca_047;Ca_048
CaO_C3H6,Ca,428.56,4,Ca_002;Ca_008;Ca_049;Ca_052
CaO_C3H6,Ca,428.60,2,Ca_027;Ca_036
CaO_C3H6,Ca,428.61,2,Ca_019;Ca_032
CaO_C3H6,Ca,428.62,14,Ca_020;Ca_021;Ca_022;Ca_023;Ca_024;Ca_025;Ca_026;Ca_028;Ca_029;Ca_030;Ca_031;Ca_033;Ca_034;Ca_035
CaO_C3H6,Ca,428.65,2,Ca_018;Ca_045
CaO_C3H6,Ca,428.84,6,Ca_010;Ca_011;Ca_014;Ca_037;Ca_040;Ca_041
CaO_C3H6,Ca,428.85,4,Ca_013;Ca_016;Ca_038;Ca_044
CaO_C3H6,Ca,428.86,2,Ca_015;Ca_039
CaO_C3H6,Ca,428.87,2,Ca_017;Ca_043
CaO_C3H6,Ca,428.92,2,Ca_012;Ca_042
CaO_C3H6,O,541.57,2,O_065;O_094
CaO_C3H6,O,541.58,10,O_067;O_068;O_069;O_071;O_072;O_091;O_092;O_093;O_097;O_099
CaO_C3H6,O,541.60,4,O_066;O_070;O_096;O_098
CaO_C3H6,O,541.63,2,O_064;O_095
CaO_C3H6,O,542.21,2,O_063;O_108
CaO_C3H6,O,542.24,6,O_056;O_058;O_059;O_100;O_101;O_103
CaO_C3H6,O,542.25,8,O_055;O_057;O_060;O_062;O_102;O_104;O_105;O_106
CaO_C3H6,O,542.26,2,O_061;O_107
CaO_C3H6,O,542.32,8,O_077;O_078;O_080;O_081;O_082;O_084;O_088;O_090
CaO_C3H6,O,542.33,10,O_073;O_074;O_075;O_076;O_079;O_083;O_085;O_086;O_087;O_089
CaO_OH2_C3H6,C,293.72,2,C_176;C_179
CaO_OH2_C3H6,C,294.04,1,C_177
CaO_OH2_C3H6,C,294.05,1,C_180
CaO_OH2_C3H6,C,295.56,1,C_175
CaO_OH2_C3H6,C,295.66,1,C_178
CaO_OH2_C3H6,Ca,428.46,1,Ca_029
CaO_OH2_C3H6,Ca,428.47,11,Ca_023;Ca_024;Ca_025;Ca_026;Ca_027;Ca_028;Ca_030;Ca_032;Ca_033;Ca_035;Ca_036
CaO_OH2_C3H6,Ca,428.48,6,Ca_019;Ca_020;Ca_021;Ca_022;Ca_031;Ca_034
CaO_OH2_C3H6,Ca,428.57,1,Ca_050
CaO_OH2_C3H6,Ca,428.58,11,Ca_001;Ca_002;Ca_003;Ca_004;Ca_005;Ca_007;Ca_008;Ca_009;Ca_046;Ca_047;Ca_052
CaO_OH2_C3H6,Ca,428.59,5,Ca_048;Ca_049;Ca_051;Ca_053;Ca_054
CaO_OH2_C3H6,Ca,428.60,1,Ca_006
CaO_OH2_C3H6,Ca,428.87,1,Ca_014
CaO_OH2_C3H6,Ca,428.88,1,Ca_039
CaO_OH2_C3H6,Ca,428.93,2,Ca_015;Ca_017
CaO_OH2_C3H6,Ca,428.94,6,Ca_011;Ca_013;Ca_016;Ca_018;Ca_038;Ca_041
CaO_OH2_C3H6,Ca,428.95,6,Ca_010;Ca_012;Ca_037;Ca_042;Ca_044;Ca_045
CaO_OH2_C3H6,Ca,428.96,2,Ca_040;Ca_043
CaO_OH2_C3H6,O,542.27,1,O_055
CaO_OH2_C3H6,O,542.28,2,O_056;O_057
CaO_OH2_C3H6,O,542.29,2,O_058;O_060
CaO_OH2_C3H6,O,542.30,4,O_061;O_062;O_063;O_106
CaO_OH2_C3H6,O,542.31,2,O_103;O_107
CaO_OH2_C3H6,O,542.32,2,O_100;O_108
CaO_OH2_C3H6,O,542.33,2,O_059;O_104
CaO_OH2_C3H6,O,542.34,1,O_105
CaO_OH2_C3H6,O,542.36,1,O_101
CaO_OH2_C3H6,O,542.38,1,O_102
CaO_OH2_C3H6,O,542.45,1,O_088
CaO_OH2_C3H6,O,542.46,3,O_082;O_089;O_090
CaO_OH2_C3H6,O,542.47,3,O_079;O_083;O_085
CaO_OH2_C3H6,O,542.48,7,O_073;O_075;O_076;O_081;O_084;O_086;O_087
CaO_OH2_C3H6,O,542.49,2,O_078;O_080
CaO_OH2_C3H6,O,542.50,2,O_074;O_077
CaO_OH2_C3H6,O,543.83,1,O_123
CaO_OH2_C3H6,O,543.92,1,O_120
CaO_OH2_C3H6,O,543.94,1,O_119
CaO_OH2_C3H6,O,543.95,1,O_122
CaO_OH2_C3H6,O,543.98,1,O_118
CaO_OH2_C3H6,O,543.99,1,O_121
CaO_OH2_C3H6,O,544.00,1,O_109
CaO_OH2_C3H6,O,544.01,2,O_110;O_111
CaO_OH2_C3H6,O,544.02,2,O_095;O_114
CaO_OH2_C3H6,O,544.03,5,O_112;O_115;O_117;O_124;O_125
CaO_OH2_C3H6,O,544.04,1,O_113
CaO_OH2_C3H6,O,544.05,2,O_116;O_126
CaO_OH2_C3H6,O,544.07,1,O_097
CaO_OH2_C3H6,O,544.09,2,O_091;O_099
CaO_OH2_C3H6,O,544.10,1,O_096
CaO_OH2_C3H6,O,544.12,3,O_065;O_066;O_093
CaO_OH2_C3H6,O,544.13,3,O_064;O_094;O_098
CaO_OH2_C3H6,O,544.15,1,O_067
CaO_OH2_C3H6,O,544.16,2,O_068;O_070
CaO_OH2_C3H6,O,544.18,1,O_071
CaO_OH2_C3H6,O,544.21,1,O_069
CaO_OH2_C3H6,O,544.22,2,O_072;O_092
Ca_C3H8,C,295.48,1,C_071
Ca_C3H8,C,295.49,3,C_073;C_074;C_076
Ca_C3H8,C,295.76,2,C_072;C_075
Ca_C3H8,Ca,429.02,1,Ca_054
Ca_C3H8,Ca,429.03,1,Ca_051
Ca_C3H8,Ca,429.05,5,Ca_001;Ca_003;Ca_007;Ca_048;Ca_052
Ca_C3H8,Ca,429.06,7,Ca_005;Ca_006;Ca_008;Ca_009;Ca_049;Ca_050;Ca_053
Ca_C3H8,Ca,429.07,4,Ca_002;Ca_004;Ca_046;Ca_047
Ca_C3H8,Ca,429.14,15,Ca_019;Ca_021;Ca_022;Ca_023;Ca_024;Ca_025;Ca_027;Ca_029;Ca_030;Ca_031;Ca_032;Ca_033;Ca_034;Ca_035;Ca_036
Ca_C3H8,Ca,429.17,1,Ca_026
Ca_C3H8,Ca,429.21,2,Ca_020;Ca_028
Ca_C3H8,Ca,429.49,1,Ca_018
Ca_C3H8,Ca,429.50,1,Ca_045
Ca_C3H8,Ca,429.53,13,Ca_010;Ca_012;Ca_013;Ca_014;Ca_015;Ca_016;Ca_017;Ca_038;Ca_040;Ca_041;Ca_042;Ca_043;Ca_044
Ca_C3H8,Ca,429.54,3,Ca_011;Ca_037;Ca_039
CaH2_C3H8,C,295.34,1,C_161
CaH2_C3H8,C,295.35,1,C_166
CaH2_C3H8,C,295.60,2,C_162;C_164
CaH2_C3H8,C,295.63,1,C_165
CaH2_C3H8,C,295.65,1,C_163
CaH2_C3H8,Ca,428.58,1,Ca_039
CaH2_C3H8,Ca,428.59,1,Ca_037
CaH2_C3H8,Ca,428.60,2,Ca_045;Ca_047
CaH2_C3H8,Ca,428.64,1,Ca_011
CaH2_C3H8,Ca,428.65,10,Ca_003;Ca_017;Ca_019;Ca_020;Ca_026;Ca_027;Ca_028;Ca_030;Ca_032;Ca_040
CaH2_C3H8,Ca,428.66,9,Ca_001;Ca_002;Ca_018;Ca_021;Ca_022;Ca_024;Ca_029;Ca_031;Ca_033
CaH2_C3H8,Ca,428.67,4,Ca_023;Ca_025;Ca_043;Ca_046
CaH2_C3H8,Ca,428.68,5,Ca_012;Ca_014;Ca_034;Ca_044;Ca_048
CaH2_C3H8,Ca,428.69,8,Ca_006;Ca_008;Ca_009;Ca_010;Ca_035;Ca_038;Ca_041;Ca_042
CaH2_C3H8,Ca,428.70,6,Ca_004;Ca_007;Ca_013;Ca_015;Ca_016;Ca_036
CaH2_C3H8,Ca,428.71,1,Ca_005
CaO_C3H8,C,295.31,4,C_125;C_127;C_128;C_130
CaO_C3H8,C,295.70,2,C_126;C_129
CaO_C3H8,Ca,428.50,1,Ca_051
CaO_C3H8,Ca,428.51,7,Ca_001;Ca_003;Ca_007;Ca_009;Ca_050;Ca_053;Ca_054
CaO_C3H8,Ca,428.52,10,Ca_002;Ca_004;Ca_005;Ca_006;Ca_008;Ca_046;Ca_047;Ca_048;Ca_049;Ca_052
CaO_C3H8,Ca,428.56,2,Ca_027;Ca_036
CaO_C3H8,Ca,428.57,16,Ca_019;Ca_020;Ca_021;Ca_022;Ca_023;Ca_024;Ca_025;Ca_026;Ca_028;Ca_029;Ca_030;Ca_031;Ca_032;Ca_033;Ca_034;Ca_035
CaO_C3H8,Ca,428.86,4,Ca_013;Ca_014;Ca_037;Ca_038
CaO_C3H8,Ca,428.88,6,Ca_010;Ca_011;Ca_015;Ca_039;Ca_040;Ca_041
CaO_C3H8,Ca,428.91,2,Ca_012;Ca_042
CaO_C3H8,Ca,428.95,4,Ca_016;Ca_017;Ca_043;Ca_044
CaO_C3H8,Ca,429.05,2,Ca_018;Ca_045
CaO_C3H8,O,541.59,2,O_068;O_091
CaO_C3H8,O,541.60,6,O_067;O_069;O_071;O_092;O_093;O_097
CaO_C3H8,O,541.62,2,O_065;O_094
CaO_C3H8,O,541.65,4,O_070;O_072;O_098;O_099
CaO_C3H8,O,541.68,2,O_066;O_095
CaO_C3H8,O,541.69,2,O_064;O_096
CaO_C3H8,O,542.26,16,O_055;O_056;O_057;O_058;O_059;O_060;O_061;O_062;O_100;O_101;O_102;O_103;O_104;O_105;O_106;O_107
CaO_C3H8,O,542.28,2,O_063;O_108
CaO_C3H8,O,542.32,18,O_073;O_074;O_075;O_076;O_077;O_078;O_079;O_080;O_081;O_082;O_083;O_084;O_085;O_086;O_087;O_088;O_089;O_090
CaO_OH2_C3H8,C,295.42,2,C_182;C_184
CaO_OH2_C3H8,C,295.47,2,C_179;C_181
CaO_OH2_C3H8,C,295.76,1,C_183
CaO_OH2_C3H8,C,295.80,1,C_180
CaO_OH2_C3H8,Ca,428.44,7,Ca_019;Ca_022;Ca_023;Ca_024;Ca_025;Ca_026;Ca_027
CaO_OH2_C3H8,Ca,428.45,11,Ca_020;Ca_021;Ca_028;Ca_029;Ca_030;Ca_031;Ca_032;Ca_033;Ca_034;Ca_035;Ca_036
CaO_OH2_C3H8,Ca,428.51,1,Ca_050
CaO_OH2_C3H8,Ca,428.54,7,Ca_003;Ca_006;Ca_046;Ca_047;Ca_048;Ca_049;Ca_051
CaO_OH2_C3H8,Ca,428.55,10,Ca_001;Ca_002;Ca_004;Ca_005;Ca_007;Ca_008;Ca_009;Ca_052;Ca_053;Ca_054
CaO_OH2_C3H8,Ca,428.88,2,Ca_038;Ca_039
CaO_OH2_C3H8,Ca,428.89,2,Ca_014;Ca_015
CaO_OH2_C3H8,Ca,428.91,4,Ca_017;Ca_018;Ca_041;Ca_042
CaO_OH2_C3H8,Ca,428.92,7,Ca_011;Ca_012;Ca_037;Ca_040;Ca_043;Ca_044;Ca_045
CaO_OH2_C3H8,Ca,428.93,3,Ca_010;Ca_013;Ca_016
CaO_OH2_C3H8,O,542.28,7,O_058;O_100;O_104;O_105;O_106;O_107;O_108
CaO_OH2_C3H8,O,542.29,7,O_055;O_056;O_057;O_061;O_062;O_063;O_103
CaO_OH2_C3H8,O,542.30,4,O_059;O_060;O_101;O_102
CaO_OH2_C3H8,O,542.44,12,O_073;O_074;O_075;O_076;O_078;O_079;O_080;O_081;O_082;O_088;O_089;O_090
CaO_OH2_C3H8,O,542.45,6,O_077;O_083;O_084;O_085;O_086;O_087
CaO_OH2_C3H8,O,543.97,1,O_120
CaO_OH2_C3H8,O,543.99,2,O_095;O_116
CaO_OH2_C3H8,O,544.02,2,O_115;O_117
CaO_OH2_C3H8,O,544.03,6,O_109;O_111;O_118;O_119;O_124;O_125
CaO_OH2_C3H8,O,544.04,2,O_112;O_114
CaO_OH2_C3H8,O,544.05,1,O_110
CaO_OH2_C3H8,O,544.06,3,O_121;O_122;O_126
CaO_OH2_C3H8,O,544.07,2,O_070;O_071
CaO_OH2_C3H8,O,544.08,6,O_091;O_093;O_094;O_096;O_097;O_099
CaO_OH2_C3H8,O,544.09,3,O_067;O_068;O_123
CaO_OH2_C3H8,O,544.10,1,O_092
CaO_OH2_C3H8,O,544.11,5,O_064;O_065;O_066;O_069;O_072
CaO_OH2_C3H8,O,544.12,2,O_098;O_113
Ca_CH2O,C,294.44,2,C_057;C_058
Ca_CH2O,Ca,429.18,9,Ca_002;Ca_004;Ca_005;Ca_006;Ca_046;Ca_047;Ca_048;Ca_049;Ca_052
Ca_CH2O,Ca,429.19,6,Ca_001;Ca_003;Ca_008;Ca_009;Ca_050;Ca_053
Ca_CH2O,Ca,429.20,3,Ca_007;Ca_051;Ca_054
Ca_CH2O,Ca,429.25,9,Ca_020;Ca_021;Ca_025;Ca_026;Ca_027;Ca_030;Ca_033;Ca_034;Ca_035
Ca_CH2O,Ca,429.26,7,Ca_019;Ca_022;Ca_024;Ca_028;Ca_029;Ca_032;Ca_036
Ca_CH2O,Ca,429.27,2,Ca_023;Ca_031
Ca_CH2O,Ca,429.36,2,Ca_018;Ca_045
Ca_CH2O,Ca,429.63,8,Ca_013;Ca_014;Ca_015;Ca_016;Ca_038;Ca_041;Ca_043;Ca_044
Ca_CH2O,Ca,429.64,8,Ca_010;Ca_011;Ca_012;Ca_017;Ca_037;Ca_039;Ca_040;Ca_042
Ca_CH2O,O,543.98,2,O_055;O_056
CaH2_CH2O,C,296.66,2,C_151;C_152
CaH2_CH2O,Ca,428.86,1,Ca_006
CaH2_CH2O,Ca,428.87,1,Ca_043
CaH2_CH2O,Ca,429.01,1,Ca_014
CaH2_CH2O,Ca,429.02,1,Ca_033
CaH2_CH2O,Ca,429.03,4,Ca_012;Ca_024;Ca_026;Ca_038
CaH2_CH2O,Ca,429.04,2,Ca_010;Ca_020
CaH2_CH2O,Ca,429.05,3,Ca_022;Ca_032;Ca_040
CaH2_CH2O,Ca,429.06,3,Ca_008;Ca_017;Ca_027
CaH2_CH2O,Ca,429.07,6,Ca_004;Ca_028;Ca_029;Ca_041;Ca_047;Ca_048
CaH2_CH2O,Ca,429.08,4,Ca_003;Ca_011;Ca_021;Ca_037
CaH2_CH2O,Ca,429.09,1,Ca_044
CaH2_CH2O,Ca,429.10,3,Ca_005;Ca_007;Ca_042
CaH2_CH2O,Ca,429.11,2,Ca_001;Ca_045
CaH2_CH2O,Ca,429.12,2,Ca_002;Ca_046
CaH2_CH2O,Ca,429.13,2,Ca_019;Ca_031
CaH2_CH2O,Ca,429.14,4,Ca_013;Ca_023;Ca_025;Ca_034
CaH2_CH2O,Ca,429.15,2,Ca_015;Ca_036
CaH2_CH2O,Ca,429.20,4,Ca_009;Ca_016;Ca_035;Ca_039
CaH2_CH2O,Ca,429.29,1,Ca_030
CaH2_CH2O,Ca,429.30,1,Ca_018
CaH2_CH2O,O,543.40,1,O_150
CaH2_CH2O,O,543.41,1,O_149
CaO_CH2O,C,296.07,2,C_111;C_112
CaO_CH2O,Ca,428.65,2,Ca_001;Ca_050
CaO_CH2O,Ca,428.66,2,Ca_009;Ca_054
CaO_CH2O,Ca,428.68,2,Ca_007;Ca_053
CaO_CH2O,Ca,428.69,2,Ca_003;Ca_051
CaO_CH2O,Ca,428.71,2,Ca_006;Ca_048
CaO_CH2O,Ca,428.72,6,Ca_002;Ca_004;Ca_005;Ca_046;Ca_047;Ca_049
CaO_CH2O,Ca,428.73,2,Ca_008;Ca_052
CaO_CH2O,Ca,428.94,4,Ca_018;Ca_027;Ca_036;Ca_045
CaO_CH2O,Ca,428.96,6,Ca_019;Ca_021;Ca_025;Ca_032;Ca_033;Ca_035
CaO_CH2O,Ca,428.97,10,Ca_020;Ca_022;Ca_023;Ca_024;Ca_026;Ca_028;Ca_029;Ca_030;Ca_031;Ca_034
CaO_CH2O,Ca,429.03,2,Ca_012;Ca_042
CaO_CH2O,Ca,429.08,2,Ca_017;Ca_043
CaO_CH2O,Ca,429.11,2,Ca_011;Ca_040
CaO_CH2O,Ca,429.19,2,Ca_010;Ca_041
CaO_CH2O,Ca,429.20,6,Ca_014;Ca_015;Ca_016;Ca_037;Ca_039;Ca_044
CaO_CH2O,Ca,429.23,2,Ca_013;Ca_038
CaO_CH2O,O,541.54,2,O_066;O_096
CaO_CH2O,O,541.66,2,O_064;O_095
CaO_CH2O,O,541.69,2,O_072;O_099
CaO_CH2O,O,541.76,2,O_070;O_098
CaO_CH2O,O,541.79,2,O_069;O_093
CaO_CH2O,O,541.80,2,O_065;O_094
CaO_CH2O,O,541.84,2,O_067;O_092
CaO_CH2O,O,541.85,2,O_071;O_097
CaO_CH2O,O,541.87,2,O_068;O_091
CaO_CH2O,O,542.13,2,O_063;O_108
CaO_CH2O,O,542.24,10,O_056;O_057;O_060;O_061;O_062;O_102;O_103;O_105;O_106;O_107
CaO_CH2O,O,542.25,4,O_055;O_059;O_100;O_104
CaO_CH2O,O,542.27,2,O_058;O_101
CaO_CH2O,O,542.29,2,O_081;O_090
CaO_CH2O,O,542.30,6,O_077;O_078;O_080;O_082;O_084;O_088
CaO_CH2O,O,542.32,10,O_073;O_074;O_075;O_076;O_079;O_083;O_085;O_086;O_087;O_089
CaO_CH2O,O,544.48,2,O_109;O_110
CaO_OH2_CH2O,C,296.26,1,C_170
CaO_OH2_CH2O,C,296.33,1,C_169
CaO_OH2_CH2O,Ca,429.40,1,Ca_050
CaO_OH2_CH2O,Ca,429.45,2,Ca_006;Ca_024
CaO_OH2_CH2O,Ca,429.46,3,Ca_020;Ca_021;Ca_023
CaO_OH2_CH2O,Ca,429.47,13,Ca_019;Ca_022;Ca_025;Ca_026;Ca_027;Ca_032;Ca_033;Ca_046;Ca_048;Ca_049;Ca_051;Ca_052;Ca_054
CaO_OH2_CH2O,Ca,429.48,9,Ca_001;Ca_002;Ca_028;Ca_031;Ca_034;Ca_035;Ca_036;Ca_047;Ca_053
CaO_OH2_CH2O,Ca,429.49,2,Ca_029;Ca_030
CaO_OH2_CH2O,Ca,429.50,5,Ca_003;Ca_004;Ca_005;Ca_007;Ca_008
CaO_OH2_CH2O,Ca,429.53,1,Ca_009
CaO_OH2_CH2O,Ca,430.05,4,Ca_017;Ca_041;Ca_042;Ca_043
CaO_OH2_CH2O,Ca,430.06,2,Ca_010;Ca_018
CaO_OH2_CH2O,Ca,430.07,10,Ca_013;Ca_014;Ca_015;Ca_016;Ca_037;Ca_038;Ca_039;Ca_040;Ca_044;Ca_045
CaO_OH2_CH2O,Ca,430.08,2,Ca_011;Ca_012
CaO_OH2_CH2O,O,542.91,4,O_101;O_102;O_104;O_105
CaO_OH2_CH2O,O,542.92,2,O_107;O_108
CaO_OH2_CH2O,O,542.93,3,O_100;O_103;O_106
CaO_OH2_CH2O,O,542.96,3,O_058;O_059;O_060
CaO_OH2_CH2O,O,542.98,1,O_055
CaO_OH2_CH2O,O,542.99,5,O_056;O_057;O_061;O_062;O_063
CaO_OH2_CH2O,O,543.12,1,O_077
CaO_OH2_CH2O,O,543.13,8,O_073;O_074;O_075;O_076;O_078;O_079;O_080;O_081
CaO_OH2_CH2O,O,543.15,3,O_083;O_086;O_087
CaO_OH2_CH2O,O,543.16,5,O_082;O_084;O_085;O_088;O_089
CaO_OH2_CH2O,O,543.17,1,O_090
CaO_OH2_CH2O,O,544.19,1,O_123
CaO_OH2_CH2O,O,544.25,1,O_113
CaO_OH2_CH2O,O,544.32,1,O_128
CaO_OH2_CH2O,O,544.35,1,O_127
CaO_OH2_CH2O,O,544.43,1,O_095
CaO_OH2_CH2O,O,544.51,1,O_072
CaO_OH2_CH2O,O,544.53,1,O_126
CaO_OH2_CH2O,O,544.61,1,O_116
CaO_OH2_CH2O,O,544.67,1,O_069
CaO_OH2_CH2O,O,544.69,2,O_092;O_098
CaO_OH2_CH2O,O,544.70,3,O_067;O_068;O_099
CaO_OH2_CH2O,O,544.71,3,O_070;O_071;O_097
CaO_OH2_CH2O,O,544.72,4,O_093;O_094;O_096;O_114
CaO_OH2_CH2O,O,544.73,4,O_065;O_091;O_112;O_122
CaO_OH2_CH2O,O,544.74,2,O_064;O_121
CaO_OH2_CH2O,O,544.77,3,O_066;O_109;O_111
CaO_OH2_CH2O,O,544.78,2,O_110;O_124
CaO_OH2_CH2O,O,544.80,2,O_117;O_125
CaO_OH2_CH2O,O,544.81,1,O_115
CaO_OH2_CH2O,O,544.82,2,O_118;O_119
CaO_OH2_CH2O,O,544.83,1,O_120
Ca_CH4O,C,297.27,2,C_063;C_064
Ca_CH4O,Ca,428.92,3,Ca_008;Ca_047;Ca_052
Ca_CH4O,Ca,428.93,7,Ca_001;Ca_002;Ca_006;Ca_007;Ca_046;Ca_050;Ca_054
Ca_CH4O,Ca,428.94,5,Ca_004;Ca_005;Ca_048;Ca_049;Ca_053
Ca_CH4O,Ca,428.95,2,Ca_009;Ca_051
Ca_CH4O,Ca,428.98,1,Ca_003
Ca_CH4O,Ca,428.99,1,Ca_026
Ca_CH4O,Ca,429.00,9,Ca_019;Ca_020;Ca_021;Ca_022;Ca_028;Ca_031;Ca_032;Ca_033;Ca_034
Ca_CH4O,Ca,429.01,6,Ca_024;Ca_025;Ca_027;Ca_029;Ca_035;Ca_036
Ca_CH4O,Ca,429.02,2,Ca_023;Ca_030
Ca_CH4O,Ca,429.32,1,Ca_013
Ca_CH4O,Ca,429.33,2,Ca_012;Ca_017
Ca_CH4O,Ca,429.34,1,Ca_039
Ca_CH4O,Ca,429.36,2,Ca_043;Ca_044
Ca_CH4O,Ca,429.37,1,Ca_042
Ca_CH4O,Ca,429.39,7,Ca_011;Ca_015;Ca_016;Ca_018;Ca_038;Ca_041;Ca_045
Ca_CH4O,Ca,429.40,4,Ca_010;Ca_014;Ca_037;Ca_040
Ca_CH4O,O,545.96,2,O_065;O_066
CaH2_CH4O,C,296.84,1,C_153
CaH2_CH4O,C,296.87,1,C_154
CaH2_CH4O,Ca,428.63,2,Ca_009;Ca_040
CaH2_CH4O,Ca,428.64,2,Ca_012;Ca_038
CaH2_CH4O,Ca,428.66,5,Ca_001;Ca_010;Ca_011;Ca_024;Ca_047
CaH2_CH4O,Ca,428.67,6,Ca_002;Ca_003;Ca_021;Ca_032;Ca_037;Ca_039
CaH2_CH4O,Ca,428.68,10,Ca_019;Ca_020;Ca_022;Ca_023;Ca_025;Ca_026;Ca_027;Ca_028;Ca_045;Ca_048
CaH2_CH4O,Ca,428.69,4,Ca_004;Ca_017;Ca_029;Ca_031
CaH2_CH4O,Ca,428.70,2,Ca_008;Ca_041
CaH2_CH4O,Ca,428.71,4,Ca_007;Ca_013;Ca_042;Ca_046
CaH2_CH4O,Ca,428.72,7,Ca_005;Ca_006;Ca_015;Ca_016;Ca_018;Ca_034;Ca_044
CaH2_CH4O,Ca,428.73,3,Ca_014;Ca_033;Ca_036
CaH2_CH4O,Ca,428.76,1,Ca_035
CaH2_CH4O,Ca,428.77,2,Ca_030;Ca_043
CaH2_CH4O,O,545.92,1,O_155
CaH2_CH4O,O,546.20,1,O_156
CaO_CH4O,C,296.27,2,C_119;C_120
CaO_CH4O,Ca,428.54,2,Ca_001;Ca_050
CaO_CH4O,Ca,428.68,4,Ca_005;Ca_008;Ca_046;Ca_052
CaO_CH4O,Ca,428.69,2,Ca_002;Ca_049
CaO_CH4O,Ca,428.71,8,Ca_006;Ca_009;Ca_023;Ca_026;Ca_028;Ca_034;Ca_048;Ca_054
CaO_CH4O,Ca,428.72,4,Ca_004;Ca_007;Ca_047;Ca_053
CaO_CH4O,Ca,428.73,12,Ca_019;Ca_020;Ca_022;Ca_024;Ca_025;Ca_027;Ca_029;Ca_030;Ca_031;Ca_032;Ca_035;Ca_036
CaO_CH4O,Ca,428.74,2,Ca_021;Ca_033
CaO_CH4O,Ca,428.85,2,Ca_003;Ca_051
CaO_CH4O,Ca,429.11,4,Ca_010;Ca_016;Ca_041;Ca_044
CaO_CH4O,Ca,429.14,4,Ca_011;Ca_017;Ca_040;Ca_043
CaO_CH4O,Ca,429.16,2,Ca_014;Ca_037
CaO_CH4O,Ca,429.18,2,Ca_013;Ca_038
CaO_CH4O,Ca,429.20,2,Ca_015;Ca_039
CaO_CH4O,Ca,429.36,2,Ca_018;Ca_045
CaO_CH4O,Ca,429.37,2,Ca_012;Ca_042
CaO_CH4O,O,541.87,2,O_064;O_095
CaO_CH4O,O,541.92,2,O_065;O_094
CaO_CH4O,O,541.94,4,O_069;O_072;O_093;O_099
CaO_CH4O,O,541.99,4,O_068;O_071;O_091;O_097
CaO_CH4O,O,542.03,4,O_067;O_070;O_092;O_098
CaO_CH4O,O,542.45,4,O_057;O_063;O_105;O_108
CaO_CH4O,O,542.48,4,O_055;O_061;O_104;O_107
CaO_CH4O,O,542.49,2,O_059;O_100
CaO_CH4O,O,542.52,2,O_077;O_082
CaO_CH4O,O,542.53,4,O_058;O_060;O_101;O_102
CaO_CH4O,O,542.54,8,O_056;O_062;O_075;O_081;O_087;O_090;O_103;O_106
CaO_CH4O,O,542.55,10,O_073;O_074;O_076;O_079;O_080;O_083;O_085;O_086;O_088;O_089
CaO_CH4O,O,542.60,2,O_078;O_084
CaO_CH4O,O,543.78,4,O_066;O_096;O_109;O_110
CaO_OH2_CH4O,C,296.86,1,C_173
CaO_OH2_CH4O,C,296.92,1,C_174
CaO_OH2_CH4O,Ca,428.47,1,Ca_022
CaO_OH2_CH4O,Ca,428.51,1,Ca_050
CaO_OH2_CH4O,Ca,428.52,1,Ca_006
CaO_OH2_CH4O,Ca,428.53,1,Ca_034
CaO_OH2_CH4O,Ca,428.54,4,Ca_024;Ca_031;Ca_035;Ca_036
CaO_OH2_CH4O,Ca,428.55,3,Ca_028;Ca_032;Ca_033
CaO_OH2_CH4O,Ca,428.56,3,Ca_023;Ca_029;Ca_030
CaO_OH2_CH4O,Ca,428.57,3,Ca_020;Ca_021;Ca_027
CaO_OH2_CH4O,Ca,428.58,2,Ca_019;Ca_026
CaO_OH2_CH4O,Ca,428.59,1,Ca_025
CaO_OH2_CH4O,Ca,428.60,1,Ca_004
CaO_OH2_CH4O,Ca,428.62,3,Ca_001;Ca_002;Ca_005
CaO_OH2_CH4O,Ca,428.63,1,Ca_009
CaO_OH2_CH4O,Ca,428.64,2,Ca_007;Ca_008
CaO_OH2_CH4O,Ca,428.66,1,Ca_003
CaO_OH2_CH4O,Ca,428.68,2,Ca_047;Ca_048
CaO_OH2_CH4O,Ca,428.71,1,Ca_051
CaO_OH2_CH4O,Ca,428.72,1,Ca_046
CaO_OH2_CH4O,Ca,428.74,2,Ca_049;Ca_053
CaO_OH2_CH4O,Ca,428.75,1,Ca_052
CaO_OH2_CH4O,Ca,428.77,1,Ca_054
CaO_OH2_CH4O,Ca,428.86,1,Ca_039
CaO_OH2_CH4O,Ca,428.94,1,Ca_015
CaO_OH2_CH4O,Ca,428.95,2,Ca_037;Ca_038
CaO_OH2_CH4O,Ca,428.97,2,Ca_014;Ca_018
CaO_OH2_CH4O,Ca,429.00,1,Ca_017
CaO_OH2_CH4O,Ca,429.01,1,Ca_010
CaO_OH2_CH4O,Ca,429.02,2,Ca_011;Ca_012
CaO_OH2_CH4O,Ca,429.04,1,Ca_013
CaO_OH2_CH4O,Ca,429.05,1,Ca_016
CaO_OH2_CH4O,Ca,429.15,2,Ca_041;Ca_042
CaO_OH2_CH4O,Ca,429.17,2,Ca_043;Ca_045
CaO_OH2_CH4O,Ca,429.18,1,Ca_044
CaO_OH2_CH4O,Ca,429.42,1,Ca_040
CaO_OH2_CH4O,O,542.31,1,O_103
CaO_OH2_CH4O,O,542.32,1,O_062
CaO_OH2_CH4O,O,542.33,1,O_063
CaO_OH2_CH4O,O,542.34,3,O_055;O_058;O_061
CaO_OH2_CH4O,O,542.37,2,O_056;O_057
CaO_OH2_CH4O,O,542.39,2,O_059;O_060
CaO_OH2_CH4O,O,542.45,1,O_105
CaO_OH2_CH4O,O,542.47,1,O_104
CaO_OH2_CH4O,O,542.49,1,O_108
CaO_OH2_CH4O,O,542.51,2,O_087;O_107
CaO_OH2_CH4O,O,542.52,1,O_106
CaO_OH2_CH4O,O,542.53,5,O_081;O_083;O_085;O_088;O_089
CaO_OH2_CH4O,O,542.54,5,O_077;O_079;O_082;O_084;O_086
CaO_OH2_CH4O,O,542.55,2,O_090;O_102
CaO_OH2_CH4O,O,542.56,2,O_076;O_078
CaO_OH2_CH4O,O,542.57,3,O_074;O_080;O_101
CaO_OH2_CH4O,O,542.58,2,O_073;O_075
CaO_OH2_CH4O,O,542.66,1,O_095
CaO_OH2_CH4O,O,542.67,1,O_100
CaO_OH2_CH4O,O,542.75,1,O_072
CaO_OH2_CH4O,O,544.06,1,O_070
CaO_OH2_CH4O,O,544.09,1,O_119
CaO_OH2_CH4O,O,544.10,3,O_118;O_124;O_125
CaO_OH2_CH4O,O,544.11,1,O_071
CaO_OH2_CH4O,O,544.12,1,O_064
CaO_OH2_CH4O,O,544.13,2,O_065;O_120
CaO_OH2_CH4O,O,544.14,2,O_067;O_122
CaO_OH2_CH4O,O,544.15,1,O_114
CaO_OH2_CH4O,O,544.16,1,O_068
CaO_OH2_CH4O,O,544.18,1,O_121
CaO_OH2_CH4O,O,544.20,1,O_116
CaO_OH2_CH4O,O,544.24,1,O_111
CaO_OH2_CH4O,O,544.25,1,O_117
CaO_OH2_CH4O,O,544.26,1,O_115
CaO_OH2_CH4O,O,544.28,1,O_109
CaO_OH2_CH4O,O,544.29,2,O_112;O_126
CaO_OH2_CH4O,O,544.31,1,O_097
CaO_OH2_CH4O,O,544.36,3,O_092;O_093;O_110
CaO_OH2_CH4O,O,544.38,1,O_069
CaO_OH2_CH4O,O,544.40,1,O_091
CaO_OH2_CH4O,O,544.41,1,O_099
CaO_OH2_CH4O,O,544.46,1,O_098
CaO_OH2_CH4O,O,544.49,1,O_066
CaO_OH2_CH4O,O,544.60,1,O_096
CaO_OH2_CH4O,O,544.70,1,O_094
CaO_OH2_CH4O,O,545.46,1,O_123
CaO_OH2_CH4O,O,545.71,1,O_128
CaO_OH2_CH4O,O,545.82,1,O_113
CaO_OH2_CH4O,O,545.85,1,O_127
Ca_CO2,C,296.19,2,C_055;C_056
Ca_CO2,Ca,429.31,4,Ca_002;Ca_003;Ca_049;Ca_051
Ca_CO2,Ca,429.33,4,Ca_005;Ca_006;Ca_046;Ca_048
Ca_CO2,Ca,429.34,8,Ca_004;Ca_007;Ca_008;Ca_009;Ca_047;Ca_052;Ca_053;Ca_054
Ca_CO2,Ca,429.36,4,Ca_023;Ca_024;Ca_028;Ca_030
Ca_CO2,Ca,429.37,5,Ca_025;Ca_026;Ca_027;Ca_034;Ca_036
Ca_CO2,Ca,429.38,4,Ca_001;Ca_020;Ca_022;Ca_029
Ca_CO2,Ca,429.39,4,Ca_021;Ca_031;Ca_033;Ca_050
Ca_CO2,Ca,429.41,2,Ca_019;Ca_032
Ca_CO2,Ca,429.42,1,Ca_035
Ca_CO2,Ca,429.58,4,Ca_016;Ca_018;Ca_044;Ca_045
Ca_CO2,Ca,429.72,2,Ca_011;Ca_040
Ca_CO2,Ca,429.73,4,Ca_010;Ca_012;Ca_041;Ca_042
Ca_CO2,Ca,429.76,2,Ca_014;Ca_037
Ca_CO2,Ca,429.79,6,Ca_013;Ca_015;Ca_017;Ca_038;Ca_039;Ca_043
Ca_CO2,O,544.54,4,O_057;O_058;O_059;O_060
CaH2_CO2,C,297.17,1,C_146
CaH2_CO2,C,299.29,1,C_145
CaH2_CO2,Ca,428.83,1,Ca_006
CaH2_CO2,Ca,428.97,1,Ca_014
CaH2_CO2,Ca,428.98,1,Ca_003
CaH2_CO2,Ca,428.99,1,Ca_010
CaH2_CO2,Ca,429.00,2,Ca_009;Ca_026
CaH2_CO2,Ca,429.01,2,Ca_005;Ca_012
CaH2_CO2,Ca,429.02,3,Ca_004;Ca_008;Ca_020
CaH2_CO2,Ca,429.03,2,Ca_017;Ca_027
CaH2_CO2,Ca,429.04,2,Ca_037;Ca_047
CaH2_CO2,Ca,429.05,3,Ca_007;Ca_028;Ca_039
CaH2_CO2,Ca,429.06,4,Ca_011;Ca_022;Ca_045;Ca_048
CaH2_CO2,Ca,429.07,6,Ca_019;Ca_021;Ca_023;Ca_024;Ca_031;Ca_040
CaH2_CO2,Ca,429.08,3,Ca_029;Ca_032;Ca_038
CaH2_CO2,Ca,429.09,3,Ca_013;Ca_015;Ca_030
CaH2_CO2,Ca,429.11,2,Ca_001;Ca_033
CaH2_CO2,Ca,429.12,5,Ca_034;Ca_035;Ca_036;Ca_043;Ca_044
CaH2_CO2,Ca,429.13,2,Ca_041;Ca_042
CaH2_CO2,Ca,429.14,1,Ca_046
CaH2_CO2,Ca,429.15,1,Ca_025
CaH2_CO2,Ca,429.18,1,Ca_016
CaH2_CO2,Ca,429.19,1,Ca_002
CaH2_CO2,Ca,429.21,1,Ca_018
CaH2_CO2,O,544.16,1,O_149
CaH2_CO2,O,544.28,1,O_150
CaH2_CO2,O,547.10,1,O_148
CaH2_CO2,O,547.28,1,O_147
CaO_CO2,C,298.81,2,C_113;C_114
CaO_CO2,Ca,428.64,8,Ca_004;Ca_005;Ca_007;Ca_008;Ca_047;Ca_048;Ca_050;Ca_051
CaO_CO2,Ca,428.66,6,Ca_001;Ca_002;Ca_003;Ca_052;Ca_053;Ca_054
CaO_CO2,Ca,428.67,4,Ca_006;Ca_009;Ca_046;Ca_049
CaO_CO2,Ca,428.74,10,Ca_021;Ca_022;Ca_023;Ca_024;Ca_027;Ca_028;Ca_031;Ca_032;Ca_033;Ca_034
CaO_CO2,Ca,428.75,8,Ca_019;Ca_020;Ca_025;Ca_026;Ca_029;Ca_030;Ca_035;Ca_036
CaO_CO2,Ca,428.99,1,Ca_018
CaO_CO2,Ca,429.00,14,Ca_010;Ca_011;Ca_012;Ca_014;Ca_015;Ca_016;Ca_017;Ca_037;Ca_038;Ca_039;Ca_040;Ca_041;Ca_043;Ca_044
CaO_CO2,Ca,429.01,1,Ca_045
CaO_CO2,Ca,429.06,2,Ca_013;Ca_042
CaO_CO2,O,541.62,4,O_069;O_072;O_091;O_094
CaO_CO2,O,541.66,2,O_066;O_097
CaO_CO2,O,541.70,4,O_064;O_065;O_098;O_099
CaO_CO2,O,541.74,8,O_067;O_068;O_070;O_071;O_092;O_093;O_095;O_096
CaO_CO2,O,542.32,4,O_059;O_060;O_103;O_104
CaO_CO2,O,542.33,10,O_056;O_057;O_058;O_062;O_063;O_100;O_101;O_105;O_106;O_107
CaO_CO2,O,542.34,4,O_055;O_061;O_102;O_108
CaO_CO2,O,542.41,4,O_073;O_076;O_087;O_090
CaO_CO2,O,542.42,14,O_074;O_075;O_077;O_078;O_079;O_080;O_081;O_082;O_083;O_084;O_085;O_086;O_088;O_089
CaO_CO2,O,546.67,4,O_109;O_110;O_111;O_112
CaO_OH2_CO2,C,298.60,1,C_167
CaO_OH2_CO2,C,298.61,1,C_168
CaO_OH2_CO2,Ca,428.64,16,Ca_019;Ca_020;Ca_022;Ca_023;Ca_024;Ca_025;Ca_026;Ca_027;Ca_028;Ca_029;Ca_030;Ca_031;Ca_033;Ca_034;Ca_035;Ca_036
CaO_OH2_CO2,Ca,428.65,2,Ca_021;Ca_032
CaO_OH2_CO2,Ca,428.75,12,Ca_001;Ca_002;Ca_005;Ca_007;Ca_008;Ca_046;Ca_047;Ca_048;Ca_050;Ca_051;Ca_052;Ca_054
CaO_OH2_CO2,Ca,428.76,6,Ca_003;Ca_004;Ca_006;Ca_009;Ca_049;Ca_053
CaO_OH2_CO2,Ca,429.09,2,Ca_014;Ca_039
CaO_OH2_CO2,Ca,429.11,6,Ca_010;Ca_013;Ca_037;Ca_042;Ca_043;Ca_045
CaO_OH2_CO2,Ca,429.12,5,Ca_011;Ca_016;Ca_017;Ca_040;Ca_044
CaO_OH2_CO2,Ca,429.13,3,Ca_012;Ca_018;Ca_041
CaO_OH2_CO2,Ca,429.16,2,Ca_015;Ca_038
CaO_OH2_CO2,O,542.47,3,O_055;O_060;O_101
CaO_OH2_CO2,O,542.48,13,O_056;O_057;O_058;O_061;O_062;O_063;O_100;O_103;O_104;O_105;O_106;O_107;O_108
CaO_OH2_CO2,O,542.49,2,O_059;O_102
CaO_OH2_CO2,O,542.63,15,O_073;O_074;O_076;O_079;O_080;O_081;O_082;O_083;O_084;O_085;O_086;O_087;O_088;O_089;O_090
CaO_OH2_CO2,O,542.64,3,O_075;O_077;O_078
CaO_OH2_CO2,O,544.14,2,O_113;O_123
CaO_OH2_CO2,O,544.15,6,O_110;O_112;O_116;O_120;O_121;O_126
CaO_OH2_CO2,O,544.16,2,O_109;O_118
CaO_OH2_CO2,O,544.17,2,O_115;O_124
CaO_OH2_CO2,O,544.18,2,O_111;O_119
CaO_OH2_CO2,O,544.19,3,O_114;O_117;O_125
CaO_OH2_CO2,O,544.20,1,O_122
CaO_OH2_CO2,O,544.23,1,O_071
CaO_OH2_CO2,O,544.24,1,O_096
CaO_OH2_CO2,O,544.25,6,O_064;O_065;O_067;O_068;O_072;O_093
CaO_OH2_CO2,O,544.26,5,O_069;O_091;O_095;O_097;O_099
CaO_OH2_CO2,O,544.27,4,O_066;O_070;O_092;O_094
CaO_OH2_CO2,O,544.28,1,O_098
CaO_OH2_CO2,O,546.93,1,O_128
CaO_OH2_CO2,O,546.94,3,O_127;O_129;O_130
CaH2_THF,C,295.86,1,C_161
CaH2_THF,C,295.90,1,C_167
CaH2_THF,C,295.91,1,C_163
CaH2_THF,C,295.93,1,C_165
CaH2_THF,C,296.99,1,C_162
CaH2_THF,C,297.05,3,C_164;C_166;C_168
CaH2_THF,Ca,428.30,3,Ca_001;Ca_046;Ca_047
CaH2_THF,Ca,428.31,6,Ca_002;Ca_004;Ca_010;Ca_038;Ca_039;Ca_048
CaH2_THF,Ca,428.32,3,Ca_003;Ca_012;Ca_040
CaH2_THF,Ca,428.33,1,Ca_037
CaH2_THF,Ca,428.34,2,Ca_009;Ca_045
CaH2_THF,Ca,428.35,1,Ca_011
CaH2_THF,Ca,428.46,5,Ca_017;Ca_020;Ca_021;Ca_030;Ca_031
CaH2_THF,Ca,428.47,7,Ca_018;Ca_019;Ca_022;Ca_025;Ca_026;Ca_029;Ca_032
CaH2_THF,Ca,428.48,3,Ca_024;Ca_028;Ca_033
CaH2_THF,Ca,428.49,1,Ca_044
CaH2_THF,Ca,428.50,6,Ca_007;Ca_014;Ca_015;Ca_016;Ca_034;Ca_035
CaH2_THF,Ca,428.51,5,Ca_008;Ca_013;Ca_027;Ca_036;Ca_043
CaH2_THF,Ca,428.52,5,Ca_005;Ca_006;Ca_023;Ca_041;Ca_042
CaH2_THF,O,546.52,1,O_169
CaH2_THF,O,546.53,1,O_170
CaO_OH2_THF,C,295.71,2,C_181;C_183
CaO_OH2_THF,C,295.85,1,C_187
CaO_OH2_THF,C,295.92,1,C_185
CaO_OH2_THF,C,296.78,1,C_188
CaO_OH2_THF,C,296.80,1,C_186
CaO_OH2_THF,C,296.84,1,C_184
CaO_OH2_THF,C,296.85,1,C_182
CaO_OH2_THF,Ca,428.19,4,Ca_028;Ca_029;Ca_030;Ca_034
CaO_OH2_THF,Ca,428.20,3,Ca_031;Ca_035;Ca_036
CaO_OH2_THF,Ca,428.21,6,Ca_019;Ca_025;Ca_026;Ca_027;Ca_032;Ca_033
CaO_OH2_THF,Ca,428.22,4,Ca_020;Ca_022;Ca_023;Ca_024
CaO_OH2_THF,Ca,428.23,1,Ca_021
CaO_OH2_THF,Ca,428.26,1,Ca_007
CaO_OH2_THF,Ca,428.28,2,Ca_001;Ca_050
CaO_OH2_THF,Ca,428.29,1,Ca_008
CaO_OH2_THF,Ca,428.31,1,Ca_002
CaO_OH2_THF,Ca,428.32,2,Ca_004;Ca_009
CaO_OH2_THF,Ca,428.33,1,Ca_047
CaO_OH2_THF,Ca,428.34,1,Ca_006
CaO_OH2_THF,Ca,428.35,5,Ca_003;Ca_005;Ca_048;Ca_049;Ca_051
CaO_OH2_THF,Ca,428.36,3,Ca_046;Ca_052;Ca_053
CaO_OH2_THF,Ca,428.37,1,Ca_054
CaO_OH2_THF,Ca,428.64,1,Ca_015
CaO_OH2_THF,Ca,428.66,1,Ca_039
CaO_OH2_THF,Ca,428.70,1,Ca_044
CaO_OH2_THF,Ca,428.71,2,Ca_018;Ca_045
CaO_OH2_THF,Ca,428.72,2,Ca_041;Ca_043
CaO_OH2_THF,Ca,428.73,4,Ca_014;Ca_016;Ca_038;Ca_042
CaO_OH2_THF,Ca,428.74,1,Ca_040
CaO_OH2_THF,Ca,428.75,1,Ca_037
CaO_OH2_THF,Ca,428.76,1,Ca_017
CaO_OH2_THF,Ca,428.77,2,Ca_010;Ca_013
CaO_OH2_THF,Ca,428.78,2,Ca_011;Ca_012
CaO_OH2_THF,O,541.88,1,O_055
CaO_OH2_THF,O,541.94,1,O_056
CaO_OH2_THF,O,541.95,1,O_057
CaO_OH2_THF,O,541.97,1,O_058
CaO_OH2_THF,O,541.98,1,O_061
CaO_OH2_THF,O,542.02,3,O_062;O_101;O_104
CaO_OH2_THF,O,542.03,2,O_063;O_105
CaO_OH2_THF,O,542.06,2,O_100;O_102
CaO_OH2_THF,O,542.07,1,O_059
CaO_OH2_THF,O,542.08,1,O_103
CaO_OH2_THF,O,542.10,3,O_060;O_107;O_108
CaO_OH2_THF,O,542.11,1,O_106
CaO_OH2_THF,O,542.17,1,O_083
CaO_OH2_THF,O,542.18,2,O_082;O_089
CaO_OH2_THF,O,542.19,1,O_088
CaO_OH2_THF,O,542.20,1,O_073
CaO_OH2_THF,O,542.21,1,O_090
CaO_OH2_THF,O,542.22,2,O_074;O_077
CaO_OH2_THF,O,542.23,3,O_075;O_084;O_086
CaO_OH2_THF,O,542.24,1,O_076
CaO_OH2_THF,O,542.25,3,O_078;O_079;O_080
CaO_OH2_THF,O,542.26,2,O_081;O_085
CaO_OH2_THF,O,542.29,1,O_087
CaO_OH2_THF,O,543.11,1,O_120
CaO_OH2_THF,O,543.23,1,O_124
CaO_OH2_THF,O,543.34,1,O_119
CaO_OH2_THF,O,543.41,1,O_110
CaO_OH2_THF,O,543.48,1,O_111
CaO_OH2_THF,O,543.51,1,O_095
CaO_OH2_THF,O,543.54,1,O_125
CaO_OH2_THF,O,543.56,1,O_118
CaO_OH2_THF,O,543.58,1,O_126
CaO_OH2_THF,O,543.59,1,O_123
CaO_OH2_THF,O,543.60,2,O_109;O_117
CaO_OH2_THF,O,543.61,1,O_113
CaO_OH2_THF,O,543.62,1,O_116
CaO_OH2_THF,O,543.63,2,O_064;O_115
CaO_OH2_THF,O,543.69,2,O_070;O_112
CaO_OH2_THF,O,543.72,1,O_114
CaO_OH2_THF,O,543.74,1,O_096
CaO_OH2_THF,O,543.77,2,O_066;O_072
CaO_OH2_THF,O,543.78,1,O_065
CaO_OH2_THF,O,543.80,1,O_092
CaO_OH2_THF,O,543.83,2,O_071;O_122
CaO_OH2_THF,O,543.85,1,O_098
CaO_OH2_THF,O,543.86,1,O_067
CaO_OH2_THF,O,543.87,1,O_093
CaO_OH2_THF,O,543.89,2,O_094;O_099
CaO_OH2_THF,O,543.93,1,O_097
CaO_OH2_THF,O,543.96,1,O_091
CaO_OH2_THF,O,543.98,1,O_068
CaO_OH2_THF,O,544.06,1,O_121
CaO_OH2_THF,O,544.07,1,O_069
CaO_OH2_THF,O,545.76,1,O_128
CaO_OH2_THF,O,546.04,1,O_127
CaO_THF,C,295.81,2,C_113;C_117
CaO_THF,C,295.82,2,C_111;C_115
CaO_THF,C,296.85,2,C_114;C_118
CaO_THF,C,296.86,2,C_112;C_116
CaO_THF,Ca,428.27,2,Ca_006;Ca_049
CaO_THF,Ca,428.28,4,Ca_001;Ca_008;Ca_047;Ca_054
CaO_THF,Ca,428.29,4,Ca_005;Ca_009;Ca_046;Ca_050
CaO_THF,Ca,428.30,8,Ca_002;Ca_003;Ca_004;Ca_007;Ca_048;Ca_051;Ca_052;Ca_053
CaO_THF,Ca,428.45,4,Ca_010;Ca_018;Ca_037;Ca_045
CaO_THF,Ca,428.46,4,Ca_012;Ca_016;Ca_039;Ca_043
CaO_THF,Ca,428.48,2,Ca_023;Ca_032
CaO_THF,Ca,428.50,1,Ca_028
CaO_THF,Ca,428.51,15,Ca_019;Ca_020;Ca_021;Ca_022;Ca_024;Ca_025;Ca_026;Ca_027;Ca_029;Ca_030;Ca_031;Ca_033;Ca_034;Ca_035;Ca_036
CaO_THF,Ca,428.52,8,Ca_011;Ca_013;Ca_015;Ca_017;Ca_038;Ca_040;Ca_042;Ca_044
CaO_THF,Ca,428.54,2,Ca_014;Ca_041
CaO_THF,O,541.16,6,O_064;O_067;O_070;O_093;O_096;O_099
CaO_THF,O,541.17,4,O_065;O_066;O_097;O_098
CaO_THF,O,541.18,4,O_069;O_071;O_092;O_094
CaO_THF,O,541.19,4,O_068;O_072;O_091;O_095
CaO_THF,O,541.79,2,O_059;O_104
CaO_THF,O,541.84,8,O_055;O_057;O_061;O_063;O_100;O_102;O_106;O_108
CaO_THF,O,541.85,8,O_056;O_058;O_060;O_062;O_101;O_103;O_105;O_107
CaO_THF,O,541.98,2,O_077;O_086
CaO_THF,O,541.99,6,O_073;O_074;O_076;O_087;O_089;O_090
CaO_THF,O,542.00,10,O_075;O_078;O_079;O_080;O_081;O_082;O_083;O_084;O_085;O_088
CaO_THF,O,546.21,2,O_109;O_110
Ca_THF,C,296.26,4,C_055;C_057;C_059;C_061
Ca_THF,C,297.00,2,C_058;C_062
Ca_THF,C,297.01,2,C_056;C_060
Ca_THF,Ca,428.56,2,Ca_002;Ca_003
Ca_THF,Ca,428.57,8,Ca_006;Ca_008;Ca_009;Ca_047;Ca_049;Ca_050;Ca_052;Ca_053
Ca_THF,Ca,428.58,8,Ca_001;Ca_004;Ca_005;Ca_007;Ca_046;Ca_048;Ca_051;Ca_054
Ca_THF,Ca,428.63,1,Ca_034
Ca_THF,Ca,428.64,17,Ca_019;Ca_020;Ca_021;Ca_022;Ca_023;Ca_024;Ca_025;Ca_026;Ca_027;Ca_028;Ca_029;Ca_030;Ca_031;Ca_032;Ca_033;Ca_035;Ca_036
Ca_THF,Ca,428.94,1,Ca_044
Ca_THF,Ca,428.97,1,Ca_041
Ca_THF,Ca,428.98,1,Ca_014
Ca_THF,Ca,428.99,2,Ca_011;Ca_017
Ca_THF,Ca,429.00,2,Ca_038;Ca_042
Ca_THF,Ca,429.01,1,Ca_040
Ca_THF,Ca,429.02,2,Ca_015;Ca_037
Ca_THF,Ca,429.03,3,Ca_013;Ca_039;Ca_045
Ca_THF,Ca,429.04,4,Ca_010;Ca_012;Ca_016;Ca_018
Ca_THF,Ca,429.05,1,Ca_043
Ca_THF,O,546.47,2,O_063;O_064
CaH2_THFn,C,295.56,1,C_183
CaH2_THFn,C,295.58,2,C_191;C_194
CaH2_THFn,C,295.60,1,C_186
CaH2_THFn,C,295.66,1,C_195
CaH2_THFn,C,295.67,1,C_182
CaH2_THFn,C,295.74,1,C_190
CaH2_THFn,C,295.80,1,C_187
CaH2_THFn,C,296.81,1,C_193
CaH2_THFn,C,296.88,1,C_189
CaH2_THFn,C,296.90,1,C_181
CaH2_THFn,C,296.94,1,C_184
CaH2_THFn,C,296.99,2,C_188;C_196
CaH2_THFn,C,297.00,1,C_185
CaH2_THFn,C,297.01,1,C_192
CaH2_THFn,Ca,428.14,1,Ca_040
CaH2_THFn,Ca,428.18,1,Ca_036
CaH2_THFn,Ca,428.20,1,Ca_012
CaH2_THFn,Ca,428.23,1,Ca_045
CaH2_THFn,Ca,428.26,2,Ca_042;Ca_047
CaH2_THFn,Ca,428.28,2,Ca_009;Ca_041
CaH2_THFn,Ca,428.29,1,Ca_001
CaH2_THFn,Ca,428.31,1,Ca_003
CaH2_THFn,Ca,428.32,3,Ca_004;Ca_011;Ca_039
CaH2_THFn,Ca,428.33,1,Ca_010
CaH2_THFn,Ca,428.35,1,Ca_033
CaH2_THFn,Ca,428.38,4,Ca_024;Ca_026;Ca_037;Ca_038
CaH2_THFn,Ca,428.39,3,Ca_008;Ca_020;Ca_031
CaH2_THFn,Ca,428.40,1,Ca_048
CaH2_THFn,Ca,428.41,2,Ca_014;Ca_028
CaH2_THFn,Ca,428.42,3,Ca_019;Ca_023;Ca_027
CaH2_THFn,Ca,428.43,1,Ca_021
CaH2_THFn,Ca,428.44,4,Ca_029;Ca_030;Ca_032;Ca_034
CaH2_THFn,Ca,428.45,3,Ca_017;Ca_022;Ca_025
CaH2_THFn,Ca,428.46,2,Ca_002;Ca_016
CaH2_THFn,Ca,428.47,3,Ca_007;Ca_013;Ca_046
CaH2_THFn,Ca,428.48,1,Ca_005
CaH2_THFn,Ca,428.49,4,Ca_006;Ca_015;Ca_035;Ca_043
CaH2_THFn,Ca,428.50,1,Ca_018
CaH2_THFn,Ca,428.52,1,Ca_044
CaH2_THFn,O,545.55,1,O_199
CaH2_THFn,O,545.80,2,O_197;O_202
CaH2_THFn,O,545.88,1,O_200
CaH2_THFn,O,546.43,1,O_201
CaH2_THFn,O,546.54,1,O_198
CaO_OH2_THFn,C,295.54,1,C_215
CaO_OH2_THFn,C,295.63,1,C_214
CaO_OH2_THFn,C,295.71,2,C_210;C_218
CaO_OH2_THFn,C,295.72,1,C_206
CaO_OH2_THFn,C,295.73,1,C_211
CaO_OH2_THFn,C,295.78,1,C_219
CaO_OH2_THFn,C,295.80,1,C_207
CaO_OH2_THFn,C,296.72,1,C_216
CaO_OH2_THFn,C,296.82,1,C_213
CaO_OH2_THFn,C,296.83,1,C_212
CaO_OH2_THFn,C,296.95,4,C_205;C_209;C_217;C_220
CaO_OH2_THFn,C,297.00,1,C_208
CaO_OH2_THFn,Ca,428.30,1,Ca_027
CaO_OH2_THFn,Ca,428.31,3,Ca_021;Ca_025;Ca_028
CaO_OH2_THFn,Ca,428.32,7,Ca_019;Ca_020;Ca_022;Ca_024;Ca_026;Ca_029;Ca_035
CaO_OH2_THFn,Ca,428.33,3,Ca_023;Ca_030;Ca_032
CaO_OH2_THFn,Ca,428.34,5,Ca_007;Ca_031;Ca_033;Ca_034;Ca_036
CaO_OH2_THFn,Ca,428.37,2,Ca_051;Ca_053
CaO_OH2_THFn,Ca,428.39,1,Ca_009
CaO_OH2_THFn,Ca,428.41,2,Ca_052;Ca_054
CaO_OH2_THFn,Ca,428.42,1,Ca_002
CaO_OH2_THFn,Ca,428.43,2,Ca_049;Ca_050
CaO_OH2_THFn,Ca,428.44,3,Ca_006;Ca_008;Ca_048
CaO_OH2_THFn,Ca,428.45,2,Ca_005;Ca_047
CaO_OH2_THFn,Ca,428.46,1,Ca_046
CaO_OH2_THFn,Ca,428.47,2,Ca_003;Ca_004
CaO_OH2_THFn,Ca,428.49,1,Ca_001
CaO_OH2_THFn,Ca,428.69,1,Ca_018
CaO_OH2_THFn,Ca,428.73,1,Ca_037
CaO_OH2_THFn,Ca,428.74,2,Ca_040;Ca_042
CaO_OH2_THFn,Ca,428.75,1,Ca_041
CaO_OH2_THFn,Ca,428.76,1,Ca_044
CaO_OH2_THFn,Ca,428.79,2,Ca_012;Ca_016
CaO_OH2_THFn,Ca,428.80,1,Ca_013
CaO_OH2_THFn,Ca,428.81,1,Ca_039
CaO_OH2_THFn,Ca,428.84,1,Ca_015
CaO_OH2_THFn,Ca,428.85,5,Ca_010;Ca_014;Ca_017;Ca_043;Ca_045
CaO_OH2_THFn,Ca,428.88,1,Ca_038
CaO_OH2_THFn,Ca,428.89,1,Ca_011
CaO_OH2_THFn,O,542.13,1,O_055
CaO_OH2_THFn,O,542.16,1,O_059
CaO_OH2_THFn,O,542.17,3,O_056;O_057;O_108
CaO_OH2_THFn,O,542.18,3,O_062;O_101;O_102
CaO_OH2_THFn,O,542.20,2,O_060;O_106
CaO_OH2_THFn,O,542.21,1,O_107
CaO_OH2_THFn,O,542.22,1,O_058
CaO_OH2_THFn,O,542.23,1,O_100
CaO_OH2_THFn,O,542.24,3,O_063;O_103;O_105
CaO_OH2_THFn,O,542.25,1,O_061
CaO_OH2_THFn,O,542.27,1,O_104
CaO_OH2_THFn,O,542.30,1,O_088
CaO_OH2_THFn,O,542.32,2,O_083;O_084
CaO_OH2_THFn,O,542.33,6,O_073;O_075;O_081;O_087;O_089;O_090
CaO_OH2_THFn,O,542.34,7,O_074;O_076;O_077;O_078;O_080;O_082;O_086
CaO_OH2_THFn,O,542.35,2,O_079;O_085
CaO_OH2_THFn,O,542.67,1,O_064
CaO_OH2_THFn,O,543.54,1,O_117
CaO_OH2_THFn,O,543.64,1,O_068
CaO_OH2_THFn,O,543.67,1,O_098
CaO_OH2_THFn,O,543.70,1,O_119
CaO_OH2_THFn,O,543.72,1,O_072
CaO_OH2_THFn,O,543.73,1,O_066
CaO_OH2_THFn,O,543.74,1,O_109
CaO_OH2_THFn,O,543.77,1,O_118
CaO_OH2_THFn,O,543.78,1,O_121
CaO_OH2_THFn,O,543.86,1,O_122
CaO_OH2_THFn,O,543.90,2,O_065;O_115
CaO_OH2_THFn,O,543.91,1,O_096
CaO_OH2_THFn,O,543.92,2,O_113;O_120
CaO_OH2_THFn,O,543.93,1,O_125
CaO_OH2_THFn,O,543.94,3,O_093;O_110;O_114
CaO_OH2_THFn,O,543.95,1,O_123
CaO_OH2_THFn,O,543.97,1,O_094
CaO_OH2_THFn,O,543.98,1,O_111
CaO_OH2_THFn,O,544.00,1,O_099
CaO_OH2_THFn,O,544.01,1,O_069
CaO_OH2_THFn,O,544.03,1,O_095
CaO_OH2_THFn,O,544.06,2,O_071;O_092
CaO_OH2_THFn,O,544.07,1,O_126
CaO_OH2_THFn,O,544.13,1,O_116
CaO_OH2_THFn,O,544.18,1,O_091
CaO_OH2_THFn,O,544.27,1,O_097
CaO_OH2_THFn,O,544.28,1,O_112
CaO_OH2_THFn,O,544.31,1,O_070
CaO_OH2_THFn,O,544.51,1,O_067
CaO_OH2_THFn,O,545.11,1,O_124
CaO_OH2_THFn,O,545.39,1,O_130
CaO_OH2_THFn,O,545.49,1,O_129
CaO_OH2_THFn,O,545.74,1,O_132
CaO_OH2_THFn,O,545.80,1,O_127
CaO_OH2_THFn,O,546.14,1,O_131
CaO_OH2_THFn,O,546.24,1,O_128
CaO_THFn,C,295.36,4,C_117;C_121;C_125;C_129
CaO_THFn,C,295.48,4,C_116;C_120;C_124;C_128
CaO_THFn,C,296.30,2,C_122;C_130
CaO_THFn,C,296.31,2,C_118;C_126
CaO_THFn,C,297.00,4,C_115;C_119;C_123;C_127
CaO_THFn,Ca,428.21,2,Ca_005;Ca_046
CaO_THFn,Ca,428.32,4,Ca_001;Ca_009;Ca_050;Ca_054
CaO_THFn,Ca,428.35,2,Ca_003;Ca_051
CaO_THFn,Ca,428.39,2,Ca_023;Ca_028
CaO_THFn,Ca,428.40,8,Ca_002;Ca_006;Ca_019;Ca_027;Ca_032;Ca_036;Ca_048;Ca_049
CaO_THFn,Ca,428.41,4,Ca_007;Ca_022;Ca_029;Ca_053
CaO_THFn,Ca,428.42,6,Ca_021;Ca_024;Ca_025;Ca_030;Ca_033;Ca_035
CaO_THFn,Ca,428.43,2,Ca_026;Ca_034
CaO_THFn,Ca,428.44,2,Ca_020;Ca_031
CaO_THFn,Ca,428.56,4,Ca_004;Ca_008;Ca_047;Ca_052
CaO_THFn,Ca,428.83,4,Ca_010;Ca_014;Ca_037;Ca_041
CaO_THFn,Ca,428.84,4,Ca_015;Ca_016;Ca_039;Ca_044
CaO_THFn,Ca,428.89,2,Ca_011;Ca_040
CaO_THFn,Ca,428.96,4,Ca_012;Ca_017;Ca_042;Ca_043
CaO_THFn,Ca,428.97,2,Ca_018;Ca_045
CaO_THFn,Ca,429.22,2,Ca_013;Ca_038
CaO_THFn,O,541.78,1,O_091
CaO_THFn,O,541.79,1,O_068
CaO_THFn,O,541.90,2,O_070;O_098
CaO_THFn,O,541.99,4,O_065;O_069;O_093;O_094
CaO_THFn,O,542.02,4,O_064;O_072;O_095;O_099
CaO_THFn,O,542.13,2,O_066;O_096
CaO_THFn,O,542.24,5,O_055;O_059;O_063;O_100;O_104
CaO_THFn,O,542.25,1,O_108
CaO_THFn,O,542.31,2,O_073;O_086
CaO_THFn,O,542.33,6,O_056;O_077;O_081;O_082;O_090;O_103
CaO_THFn,O,542.34,2,O_080;O_088
CaO_THFn,O,542.36,4,O_058;O_075;O_087;O_101
CaO_THFn,O,542.37,4,O_076;O_078;O_083;O_084
CaO_THFn,O,542.41,4,O_061;O_074;O_085;O_107
CaO_THFn,O,542.42,4,O_060;O_079;O_089;O_102
CaO_THFn,O,542.43,4,O_057;O_062;O_105;O_106
CaO_THFn,O,543.46,2,O_111;O_114
CaO_THFn,O,543.47,2,O_109;O_112
CaO_THFn,O,543.92,2,O_071;O_097
CaO_THFn,O,543.94,2,O_067;O_092
CaO_THFn,O,546.50,2,O_110;O_113
Ca_THFn,C,295.32,4,C_056;C_060;C_064;C_068
Ca_THFn,C,295.72,2,C_061;C_069
Ca_THFn,C,295.73,2,C_057;C_065
Ca_THFn,C,296.74,4,C_058;C_062;C_066;C_070
Ca_THFn,C,297.01,3,C_055;C_059;C_067
Ca_THFn,C,297.02,1,C_063
Ca_THFn,Ca,428.18,2,Ca_004;Ca_047
Ca_THFn,Ca,428.19,7,Ca_001;Ca_007;Ca_008;Ca_009;Ca_050;Ca_052;Ca_054
Ca_THFn,Ca,428.21,2,Ca_003;Ca_051
Ca_THFn,Ca,428.22,2,Ca_049;Ca_053
Ca_THFn,Ca,428.23,3,Ca_002;Ca_006;Ca_048
Ca_THFn,Ca,428.24,2,Ca_005;Ca_046
Ca_THFn,Ca,428.25,2,Ca_027;Ca_036
Ca_THFn,Ca,428.26,4,Ca_021;Ca_026;Ca_033;Ca_034
Ca_THFn,Ca,428.27,3,Ca_019;Ca_020;Ca_031
Ca_THFn,Ca,428.28,9,Ca_022;Ca_023;Ca_024;Ca_025;Ca_028;Ca_029;Ca_030;Ca_032;Ca_035
Ca_THFn,Ca,428.56,3,Ca_016;Ca_039;Ca_044
Ca_THFn,Ca,428.57,3,Ca_013;Ca_015;Ca_038
Ca_THFn,Ca,428.59,1,Ca_043
Ca_THFn,Ca,428.61,5,Ca_012;Ca_014;Ca_017;Ca_037;Ca_041
Ca_THFn,Ca,428.62,1,Ca_042
Ca_THFn,Ca,428.66,2,Ca_018;Ca_045
Ca_THFn,Ca,428.68,1,Ca_010
Ca_THFn,Ca,428.71,2,Ca_011;Ca_040
Ca_THFn,O,545.38,4,O_107;O_109;O_110;O_112
Ca_THFn,O,546.39,1,O_111
Ca_THFn,O,546.40,1,O_108
